bundle_id,chapter,npc_id,require_condition_group,dialogue_group_id,support_type,effect_target,effect_value,effect_duration_sec,stack_rule,unlock_flag,vfx_id,note
support_bundle_xubo_final,4,npc_xubo,npc_xubo_favor_5,dialogue_xubo_favor_5,resource_support,town_worker_capacity,12,0,replace,flag_final_support_xubo,fx_support_earth_raise,提供终阵施工人手与口粮保障
support_bundle_zhang_final,4,npc_zhang_tieshan,npc_zhang_tieshan_favor_5,dialogue_zhang_favor_5,build_support,final_array_stability,0.18,0,replace,flag_final_support_zhang,fx_support_metal_forge,提升终阵建造稳定与抗损
support_bundle_baizhi_final,4,npc_baizhi,npc_baizhi_favor_5,dialogue_baizhi_favor_5,heal_support,team_revive_window,8,0,replace,flag_final_support_baizhi,fx_support_wood_heal,提升终章战斗容错与伤后恢复
support_bundle_lu_final,4,npc_lu_sanxiao,npc_lu_sanxiao_favor_4,dialogue_lu_favor_4,knowledge_support,array_qte_slowdown,0.25,0,replace,flag_final_support_lu,fx_support_time_ring,降低终阵校时失误惩罚
support_bundle_hu_final,4,npc_hu_sihai,npc_hu_sihai_favor_5,dialogue_hu_favor_5,material_support,final_order_stock_bonus,0.30,0,replace,flag_final_support_hu,fx_support_fire_pack,补足终章缺料与外路稀材
support_bundle_atan_final,4,npc_atan,npc_atan_favor_5,dialogue_atan_favor_5,structure_support,work_area_capacity,6,0,replace,flag_final_support_atan,fx_support_house_frame,扩充阵台外构与宿舍承载
support_bundle_qinghe_final,4,npc_qinghe,npc_qinghe_favor_5,dialogue_qinghe_favor_5,water_support,irrigation_chain_efficiency,0.22,0,replace,flag_final_support_qinghe,fx_support_water_flow,缩短终阵引水准备时间
support_bundle_shen_final,4,npc_shen_gudeng,npc_shen_gudeng_favor_5,dialogue_shen_favor_5,combat_support,escort_damage_reduction,0.20,180,replace,flag_final_support_shen,fx_support_blade_guard,终巢护送阶段减伤
support_bundle_full_resonance,4,npc_system,quest_main_0403_active,dialogue_main_0403_final_support,team_resonance,all_final_support_bonus,1.00,0,additive,flag_final_support_full,fx_support_full_resonance,八位核心 NPC 支援全部到位时触发总协同
