text_key,text_type,zh_cn,note
item_name_seed_qingya_baicai,name,青芽白菜种子,早期作物
item_name_crop_qingya_baicai,name,青芽白菜,早期作物
item_name_food_qingchao_baicai,name,清炒白菜,早期菜品
desc_food_qingchao_baicai,desc,青芽白菜快火清炒，适合薄利多销的旧铺早市。,早期菜品描述
order_name_demo_0001,order_name,旧铺早市白菜单,Demo订单
item_name_seed_luzhu_qin,name,露珠芹种子,修渠后解锁种子
desc_seed_luzhu_qin,desc,灵渠复流后最先泛青的水润菜种，脆嫩带露气。,修渠后种子描述
item_name_crop_luzhu_qin,name,露珠芹,修渠后作物
desc_crop_luzhu_qin,desc,沾着清渠水气的嫩芹，最适合做清口凉菜。,修渠后作物描述
item_name_seed_tiepi_shihu,name,铁皮石斛种子,白芷委托药材种子
desc_seed_shihu,desc,白芷点名要的石斛苗种，得种得稳、养得净，才配进医馆后室的药案。,石斛种子描述
item_name_crop_tiepi_shihu,name,铁皮石斛,第二章药材作物
desc_crop_shihu,desc,纤长坚韧的药藤，入口清苦，回气极慢，最怕急着赶熟。,石斛作物描述
item_name_crop_quality_2plus_shihu,name,良品铁皮石斛,白芷委托高品质药材
desc_crop_quality_2plus_shihu,desc,从一批石斛里细细拣出的净品，药性稳、杂气少，白芷只认这样的货。,石斛委托品质物
item_name_food_liangban_lingqin,name,凉拌灵芹,修渠后菜品
desc_food_liangban_lingqin,desc,露珠芹拌净水和薄盐，入口清脆，是灵渠复流后的第一口凉润。,修渠后菜品描述
recipe_name_liangban_lingqin,recipe_name,凉拌灵芹,修渠后配方
recipe_name_zhixue_san,recipe_name,止血散,石斛基础药方
recipe_name_tool_copper_set,recipe_name,铜锄锻造,第一章通火初鸣的铜锄工具配方
recipe_name_shihu_huiyuan_san,recipe_name,石斛回元散,白芷线中阶药方
item_name_med_zhixue_san,name,止血散,石斛基础成药
desc_med_zhixue,desc,以铁皮石斛调净水慢火化开，药性不烈，却能稳稳压住伤口里的乱气。,止血散描述
item_name_med_huiyuan_san,name,石斛回元散,白芷线中阶成药
desc_med_huiyuan,desc,石斛与冰露薄荷一同碾开，先止虚浮，再把人慢慢从亏空里拉回来。,回元散描述
item_name_special_baicao_mulu,name,百草母露,第二章Boss关键药材
desc_special_baicao_mulu,desc,噬香藤母根心凝出的清露，轻得像一滴水，却能把瘴藤毒的病根慢慢压回去。,百草母露描述
item_name_wood_basic,name,朽木,基础建材
desc_wood_basic,desc,从洞天旧篱和枯枝里收来的木料，修得起第一批棚架，也撑得住一点新日子。,基础建材描述
item_name_stone_basic,name,碎石,基础建材
desc_stone_basic,desc,清理灵田时翻出的石块，打磨后能垫墙脚和井沿。,基础建材描述
item_name_ore_iron,name,粗铁矿,矿材
desc_ore_iron,desc,后山矿脉里最常见的铁矿，火候足了就能敲成可靠的构件。,矿材描述
item_name_ore_iron_raw,name,生铁矿,矿材
item_name_metal_xuantie,name,玄铁,第三章建材
desc_metal_xuantie,desc,比粗铁更沉的黑色矿材，适合给百怪大院打承重骨架。,第三章建材描述
item_name_cloth_liuyunsi,name,流云丝,第三章建材
desc_cloth_liuyunsi,desc,轻而韧的织料，阿檀说拿它做帘帐和隔间，精怪夜里才睡得安稳。,第三章建材描述
building_name_spirit_manor,name,百怪大院,第三章建筑
order_name_demo_0002,order_name,渠边清口单,修渠后Demo订单
order_name_qinghe_water_fresh_return_0001,order_name,青禾水鲜回订单,灵池水鲜固定客群订单
spirit_name_luobo_01,name,大胖萝卜精,核心精怪名
spirit_name_luobo_02,name,萝卜药童,核心精怪名
spirit_name_luobo_03,name,土行太岁,核心精怪名
spirit_name_lajiao_01,name,爆弹辣椒怪,核心精怪名
spirit_name_lajiao_02,name,灶神小福精,核心精怪名
spirit_name_lajiao_03,name,三昧火麒麟,核心精怪名
spirit_name_suan_01,name,大蒜剑客,核心精怪名
spirit_name_suan_02,name,独孤九蒜,核心精怪名
spirit_name_suan_03,name,剑仙大蒜尊,核心精怪名
spirit_name_shui_01,name,浮萍鲤童,核心精怪名
spirit_name_shui_02,name,引泉河伯,核心精怪名
spirit_name_shui_03,name,沧波玄鼋,核心精怪名
spirit_name_yunshu_01,name,葫芦搬山怪,核心精怪名
spirit_name_yunshu_02,name,百纳小力士,核心精怪名
spirit_name_yunshu_03,name,乾坤驮兽,核心精怪名
spirit_name_bucao_01,name,棉云团雀,核心精怪名
spirit_name_bucao_02,name,流霞织女蛛,核心精怪名
spirit_name_bucao_03,name,云锦天工娘,核心精怪名
spirit_name_caikuang_01,name,石栗地精,核心精怪名
spirit_name_caikuang_02,name,玄岩匠灵,核心精怪名
spirit_name_caikuang_03,name,裂岳金猊,核心精怪名
spirit_name_jieqi_01,name,露珠书童,核心精怪名
spirit_name_jieqi_02,name,司时灵鹿,核心精怪名
spirit_name_jieqi_03,name,二十四气灵君,核心精怪名
spirit_name_meishi_01,name,糯米团灵,核心精怪名
spirit_name_meishi_02,name,酒酿小仙,核心精怪名
spirit_name_meishi_03,name,八珍食梦貘,核心精怪名
spirit_name_yaoyuan_01,name,苔瓶药童,核心精怪名
spirit_name_yaoyuan_02,name,百草听风兽,核心精怪名
spirit_name_yaoyuan_03,name,回春玄鹿,核心精怪名
npc_name_xubo,name,许伯,镇长
npc_name_zhang_tieshan,name,张铁山,铁匠
npc_name_baizhi,name,白芷,医馆医女
npc_name_lu_sanxiao,name,陆三笑,说书人
npc_name_hu_sihai,name,胡四海,游商
npc_name_atan,name,阿檀,木匠
npc_name_qinghe,name,青禾,渔女
npc_name_shen_gudeng,name,沈孤灯,剑修
npc_name_system,name,系统,系统占位
item_name_tool_fishing_net,name,引水鱼网,青禾二心奖励道具
desc_tool_fishing_net,desc,青禾改过结扣的细网，适合在水路刚活的时候辨鱼试流。,青禾关系奖励
building_name_fishpond_lv1,name,灵池浅塘,清禾池塘建筑
item_name_fish_spiritling,name,灵鳞小鱼,清禾池塘产物
desc_fish_spiritling,desc,刚认回水口的细鳞灵鱼，肉薄味清，最适合拿来做第一道水鲜。,清禾池塘产物描述
item_name_food_qingbo_yukuai,name,清波鱼脍,清禾池塘菜品
desc_food_qingbo_yukuai,desc,灵鳞小鱼配露珠芹快手成脍，入口先是凉清，后面才带一点回甘水气。,清禾池塘菜品描述
recipe_name_water_crop_intro,recipe_name,清波鱼脍,清禾池塘奖励配方
item_name_food_lingchi_sanxian_geng,name,灵池三鲜羹,灵池水鲜升级菜品
desc_food_lingchi_sanxian_geng,desc,灵鳞小鱼、露珠芹和月纹黄瓜熬成的清羹，汤面浮着淡淡水纹，适合把清波鱼脍后的熟客留下来。,灵池水鲜升级菜品描述
recipe_name_lingchi_sanxian_geng,recipe_name,灵池三鲜羹,灵池水鲜升级配方
event_name_main_0001,name,落脚之地开启,事件名
event_name_main_0002,name,杂草清理完成,事件名
event_name_main_0003,name,第一次收成异动,事件名
event_name_main_0004,name,凡仙镇入口开启,事件名
event_name_main_0005,name,首只精怪诞生,事件名
event_name_main_0102,name,灵井修复后续,事件名
event_name_main_0103,name,惊蛰虫害爆发,事件名
event_name_main_0104,name,铜锄完成引桥线,事件名
event_name_main_0106,name,断桥修复完成,事件名
event_name_main_0202,name,旧铺教学完成,事件名
event_name_main_0203,name,胡四海来访,事件名
event_name_main_0205,name,药谷入口显现,事件名
event_name_main_0207,name,百草母露入手,事件名
event_name_main_0301,name,百怪大院蓝图,事件名
event_name_main_0303,name,百怪大院建成,事件名
event_name_main_0306,name,炽砂遗迹开启,事件名
event_name_main_0307,name,炽炎火精归位,事件名
event_name_main_0401,name,九曜大旱降临,事件名
event_name_main_0404,name,最终巢穴开启,事件名
event_name_main_0405,name,终章决战收束,事件名
event_name_term_jingzhe_01,name,惊蛰节气警报,事件名
event_name_term_guyu_01,name,谷雨精怪增益,事件名
event_name_term_bailu_01,name,白露采露开启,事件名
event_name_term_shuangjiang_01,name,霜降预警,事件名
event_name_term_dongzhi_01,name,冬至节庆开启,事件名
event_name_shop_0001,name,店铺营业教学,事件名
event_name_shop_0003,name,店铺二级解锁,事件名
event_name_spirit_0001,name,精怪系统解锁,事件名
event_name_spirit_0004,name,精怪低情绪罢工,事件名
event_name_spirit_0005,name,精怪长期罢工逃离,事件名
quest_name_main_0001,quest_name,落脚之地,序章任务
quest_name_main_0002,quest_name,凡仙镇来路,序章任务
quest_name_main_0101,quest_name,灵井回声,第一章主线
quest_name_main_0102,quest_name,铜火初鸣,第一章主线
quest_name_main_0103,quest_name,断桥旧木,第一章主线
quest_name_main_0201,quest_name,旧铺开门,第二章主线
quest_name_main_0202,quest_name,白芷之求,第二章主线
quest_name_main_0301,quest_name,百怪有院,第三章主线
quest_name_main_0302,quest_name,商会来客,第三章主线
quest_name_main_0401,quest_name,九曜大旱,第四章主线
quest_name_main_0402,quest_name,二十四枢,第四章主线
quest_name_main_0403,quest_name,蟠桃大宴,第四章主线
quest_main_0001_desc,quest_desc,清理草庐前的杂物，整理第一块灵田，给自己找个能活下去的落脚处。,序章说明
quest_main_0002_desc,quest_desc,第一次走进凡仙镇，认识这里的人，也看看这地方是否容得下你。,序章说明
quest_main_0101_desc,quest_desc,修复洞天灵井，为后续种植和洞天复苏打下基础。,第一章说明
quest_main_0102_desc,quest_desc,在惊蛰虫害中保住第一批田地，并打造更可靠的铜制工具。,第一章说明
quest_main_0103_desc,quest_desc,收集修桥材料，接通后山与矿洞，让镇子重新活起来。,第一章说明
quest_main_0201_desc,quest_desc,接手镇东旧铺，开始真正意义上的经营生活。,第二章说明
quest_main_0202_desc,quest_desc,为白芷培育高品质石斛，救治伤者，也证明洞天灵植的价值。,第二章说明
quest_main_0301_desc,quest_desc,建成百怪大院，让越来越多的精怪真正成为洞天共同体的一员。,第三章说明
quest_main_0302_desc,quest_desc,完成门派采办首单，追入炽砂遗迹，击败赤魇蝎后并带回能归阵的炽炎火精。,第三章说明
quest_main_0401_desc,quest_desc,九曜大旱来临，先保住凡仙镇，再想办法救回天时。,第四章说明
quest_main_0402_desc,quest_desc,收集重建节气大阵所需的关键枢石、火精与神珠。,第四章说明
quest_main_0403_desc,quest_desc,击败噬灵螟母，建成节气大阵，培育万年蟠桃，迎来最终盛宴。,第四章说明
dialogue_system_default_001,dialogue,愿你今日的每一分劳作，都能换来明日的收成。,系统默认语
dialogue_main_0001_001,dialogue,又白跑一趟。说是收灵谷，结果连摊位都轮不上我。,序章夜路
dialogue_main_0001_012,dialogue,新任务已开始：落脚之地。,序章系统提示
dialogue_main_0002_001,dialogue,这是哪里……,草庐初醒
dialogue_main_0002_012,dialogue,获得目标：整理第一块灵田并播种白萝卜。,草庐系统提示
dialogue_main_0003_001,dialogue,总算有点像样的收成了。,第一只精怪前句
dialogue_main_0003_007,dialogue,咕！,萝卜精送礼
dialogue_main_0003_012,dialogue,精怪系统开启。可为精怪安排浇水、巡田与随行。,精怪解锁
dialogue_main_0101_001,dialogue,站住。外乡人，从哪儿来的？,许伯初见
dialogue_main_0101_002,dialogue,山那头。说具体点，就是刚从穷里爬出来。,玩家回答
dialogue_main_0101_010,dialogue,先去镇里转转吧。铁匠、医馆，你都能见见。至于能不能留下，以后再说。,许伯放行
dialogue_main_0102_001,dialogue,这锄头你也好意思拿出来？刃都卷成狗啃了。,张铁山初见
dialogue_main_0102_004,dialogue,那我该换什么？,玩家请教
dialogue_main_0102_011,dialogue,行。铜锄给你按半价算。不是我心软，是不想看一把破锄头耽误活。,铜锄解锁
dialogue_main_0103_001,dialogue,若是看伤，先坐。若是买药，柜上有价签。,白芷初见
dialogue_main_0103_002,dialogue,我不是来砍价的。我想问，这些药草你收不收。,玩家问药
dialogue_main_0103_011,dialogue,好。等你下一批货来，我再告诉你具体要什么。,白芷认可
dialogue_main_0104_001,dialogue,不对，昨晚还好好的。,惊蛰虫害
dialogue_main_0104_005,dialogue,我就猜到你这边要出事。镇东那几块菜地也遭了。,许伯到场
dialogue_main_0104_012,dialogue,惊蛰虫害开启。请使用巡田、驱虫与节气防护设施降低损失。,节气提示
dialogue_main_0105_006,dialogue,这桥断了两年。有人说它只是桥，有人说断的是出路。,断桥收束
dialogue_main_0105_009,dialogue,少装。没几个人能在这镇子里真把活做完。,张铁山认同
dialogue_main_0105_012,dialogue,你早就不只是借住的人了。凡仙镇如今，有你的一份。,第一章结尾
dialogue_shop_opening_001,dialogue,桥通了，人也慢慢多起来了。这间旧铺子，你还记得吧。,旧铺开门
dialogue_final_array_001,dialogue,我守的不是秘密，是机会。如今机会到了，我也该把名字从故事里拿出来了。,陆三笑揭晓
dialogue_final_banquet_001,dialogue,这桌宴不是庆功，是谢天时，也谢你把这口气接了回来。,许伯大宴开席
dialogue_final_banquet_002,dialogue,药棚那边今晚终于没人排队哭了。这个味道，我想让他们多记几年。,白芷大宴
dialogue_final_banquet_003,dialogue,账我算过了，亏得很厉害。但这回吧，亏得心里痛快。,胡四海大宴
dialogue_final_banquet_004,dialogue,二十四节归位，洞天归人。你以后不必只做守阵的人，也可以做过日子的人。,陆三笑大宴
dialogue_final_banquet_005,dialogue,主线完成。第二年沙盒、同住后日谈、跨界商路与自由造景开启。,结局系统提示
dialogue_baizhi_order_visit_001,dialogue,我刚从许伯那边听说，你把第一张单稳稳交掉了。,白芷首单来访
dialogue_baizhi_order_visit_002,dialogue,许伯连这都告诉你了？你是来看旧铺，还是来看我这批货？,玩家接话
dialogue_baizhi_order_visit_003,dialogue,都看。镇上缺药，也缺能把东西做得稳、做得净的人。你这批货，我看得出来。,白芷认可
dialogue_baizhi_order_visit_004,dialogue,等你手头忙完，来医馆找我。我想托你种一批铁皮石斛，不是为了卖，是为了救人。,白芷引出石斛委托
dialogue_baizhi_favor_2_002,dialogue,也就是说，这次不是“能交货”就行。,白芷石斛之求承接
dialogue_baizhi_favor_2_003,dialogue,对。我不是为医馆囤药，是为把人救回来。,白芷石斛之求承接
dialogue_baizhi_favor_2_004,dialogue,明白。我宁可晚一天，也不糊弄。,白芷石斛之求承接
dialogue_baizhi_favor_2_005,dialogue,那我等你的石斛。等这件事过去，我会把药园真正教给你。,白芷石斛之求承接
dialogue_baizhi_favor_2_006,dialogue,好，这次我不当掌柜，我当供命的人。,白芷石斛之求承接
dialogue_main_0205_001,dialogue,等一下。你闻见了吗？不是药香，是谷口的瘴雾在退。,药谷入口显现
dialogue_main_0205_002,dialogue,石斛的药气压住它了？,药谷入口显现
dialogue_main_0205_003,dialogue,只压住了一线，够我们进去，也够里面的东西注意到我们。,药谷入口显现
dialogue_main_0205_004,dialogue,去之前把止血散备好。雾隐药谷不是采药地，是病根躲着的地方。,药谷入口显现
dialogue_main_0205_005,dialogue,明白。先备药，再进谷，把母露带回来。,药谷入口显现
dialogue_main_0207_001,dialogue,这就是百草母露？看着轻，拿在手里却像压着一口泉。,药谷收束
dialogue_main_0207_002,dialogue,别说话，先把东西给我。,药谷收束
dialogue_main_0207_003,dialogue,够了。有这个，药能成。,药谷收束
dialogue_main_0207_004,dialogue,那几个人能保住？,药谷收束
dialogue_main_0207_005,dialogue,能。你这趟，不只是帮了我，是替他们把命接回来了。,药谷收束
dialogue_main_0207_006,dialogue,你这掌柜，做生意做到要跟藤母抢命，真是少见。,药谷收束
dialogue_main_0207_007,dialogue,等医馆这边稳住，我会把真正的药园法教给你。下一步，该让精怪们也有个能安心歇脚的院子了。,药谷收束
dialogue_main_0301_001,dialogue,精怪们在院里追逐，水桶、木箱、菜篮乱成一团。,百怪有院入口
dialogue_main_0301_002,dialogue,你看吧，我早说过，光靠几张草垫子是撑不住的。,百怪有院入口
dialogue_main_0301_003,dialogue,我本来只是想多养几只帮忙，没想到先把院子挤爆了。,百怪有院入口
dialogue_main_0301_004,dialogue,它们不是工具。住得乱、吃得乱，心情自然也会乱。你要的是产线，也得先给它们一个像家的地方。,百怪有院入口
dialogue_main_0301_005,dialogue,咕！叽！呀！,百怪有院入口
dialogue_main_0301_006,dialogue,百怪大院……不只是宿舍，是让整个洞天运转起来的骨架。,百怪有院入口
dialogue_main_0301_007,dialogue,对。谁住哪、谁干哪份活、谁和谁合得来，都是要算的。你往后管的，不只是地，是一个小世界。,百怪有院入口
dialogue_main_0301_008,dialogue,那就建。木料、玄铁、布料，我去备。,百怪有院入口
dialogue_main_0301_009,dialogue,等院子立起来，你会发现，忙不是坏事。有人气，地方才像活的。,百怪有院入口
dialogue_main_0301_010,dialogue,百怪大院任务开启：可解锁岗位总览、宿舍分配与情绪管理。,百怪有院入口
dialogue_main_0303_001,dialogue,门楣稳了，隔间也能透风。今晚精怪们终于不用挤在货筐旁边睡了。,百怪大院建成
dialogue_main_0303_002,dialogue,院子一建起来，连工坊声音都像有了节拍。,百怪大院建成
dialogue_main_0303_003,dialogue,往后看岗位，不只看谁最快，也要看谁累了、谁合拍。会安排，洞天才会自己转起来。,百怪大院建成
dialogue_main_0303_004,dialogue,岗位总览开启：可查看宿舍状态、心情压力与精怪岗位分布。,百怪大院建成
dialogue_xubo_default_001,dialogue,日子要一锤一锤敲实，急不得。,许伯默认语
dialogue_xubo_default_002,dialogue,镇子能不能往上走，看的是今天有没有人肯把活做完。,许伯默认语
dialogue_zhang_default_001,dialogue,工具不顺手，活就先输一半。,张铁山默认语
dialogue_zhang_default_002,dialogue,炉火能不能稳，先看人心浮不浮。,张铁山默认语
dialogue_baizhi_default_001,dialogue,药不怕慢，怕的是差一味、差一线。,白芷默认语
dialogue_baizhi_default_002,dialogue,身体不是石头，别拿它硬熬。,白芷默认语
dialogue_lu_default_001,dialogue,故事好听，往往因为里头藏了真东西。,陆三笑默认语
dialogue_lu_default_002,dialogue,天时不止长庄稼，也长人的念头。,陆三笑默认语
dialogue_hu_default_001,dialogue,生意人怕的不是路远，是货走到头、人没留住。,胡四海默认语
dialogue_hu_default_002,dialogue,同样一件货，卖给谁，可差着一半天。,胡四海默认语
dialogue_atan_default_001,dialogue,地方不怕旧，怕的是没人愿意把它收拾成家。,阿檀默认语
dialogue_atan_default_002,dialogue,住得顺手，活才做得长久。,阿檀默认语
dialogue_qinghe_default_001,dialogue,水走得急的时候，你越追，它越散。,青禾默认语
dialogue_qinghe_default_002,dialogue,顺着水性走，很多事就不用硬拗。,青禾默认语
dialogue_qinghe_favor_1_001,dialogue,这渠一活，池塘那边的灵鱼多半也要回来了。你哪天得空，我带你去认水口，别把它们一网惊散了。,青禾一心
dialogue_qinghe_quest_0205_001,dialogue,看见没？先别贪多，这一尾就够你认水性了。等池水稳住，它们自己还会回来。,青禾池塘支线
dialogue_shen_default_001,dialogue,站稳，比出手快更重要。,沈孤灯默认语
dialogue_shen_default_002,dialogue,会回来的人，才有资格走得更深。,沈孤灯默认语
dialogue_xubo_favor_2_001,dialogue,桥一断，后山的矿、镇上的买卖、人心里的那股劲，也跟着断了。,许伯二心
dialogue_xubo_favor_4_001,dialogue,你不是外来人了。镇上真遇事时，先往前站的是你。,许伯四心
dialogue_zhang_favor_3_001,dialogue,这张风炉图纸你拿着。给会做事的人，不算糟蹋。,张铁山三星奖励
dialogue_baizhi_favor_2_001,dialogue,我要的是铁皮石斛，不只是要有，还得稳、得净、得有足够灵性。,白芷二心
dialogue_xubo_favor_5_001,dialogue,镇上人手、木料、口粮，我都给你集齐了。你只管做该做的，后头的人我来稳。,许伯五心
dialogue_zhang_favor_5_001,dialogue,阵骨我给你起炉。打完这一套，我这辈子也算没白抡锤。,张铁山五心
dialogue_baizhi_favor_4_001,dialogue,我以前也救过一个人。药、针、阵，全都用上了，最后还是慢了一步。,白芷四心
dialogue_baizhi_favor_5_001,dialogue,阵外再乱，这边我先替你守住。人、精怪、镇民，只要还有一口气，我就不让它断。,白芷五心
dialogue_lu_favor_2_001,dialogue,逢谷雨卖茶，逢白露卖露点心。天时不光长庄稼，也长银子。,陆三笑二心
dialogue_lu_favor_4_001,dialogue,这碑我看了很多年，一直没带别人来。你是第一个。,陆三笑四心
dialogue_hu_favor_3_001,dialogue,这张样品单做成了，后头的大单子，我就敢替你往外撬一层。,胡四海三星
dialogue_hu_favor_5_001,dialogue,你要的料我带回来了。路上亏了、赔了、还差点把驮兽搭进去。可值。,胡四海五心
dialogue_atan_favor_4_001,dialogue,住处不是花边，是底子。底子松了，赚再多都守不住。,阿檀四心
dialogue_atan_favor_5_001,dialogue,阵台外构我来搭。等这一仗过了，这儿就不只是个工地了。,阿檀五心
dialogue_qinghe_favor_2_001,dialogue,这段渠堵的不是泥，是旧根。你要是硬挖，整条边坡都会塌。,青禾二心
dialogue_qinghe_favor_3_001,dialogue,水生田和旱地不一样，水位高一寸低一寸，收成都会变。你先学会看池水，再学着让它听话。,青禾三心
dialogue_qinghe_favor_4_001,dialogue,我越来越确定，洞天灵泉和镇外旧河是一口水分出来的。,青禾四心
dialogue_qinghe_favor_5_001,dialogue,阵脚的水已经活了，只差你把它们接成一口气。,青禾五心
dialogue_qinghe_lotus_basin_return_001,dialogue,莲泽水航第一船返得稳。往后这水就不算临时借路，是你铺子自己养出来的路。,莲泽水航返货
dialogue_qinghe_lotus_basin_return_002,dialogue,旧铺的水鲜能走到莲泽，再把新鲜东西带回来，听着就像真的活了。,莲泽水航返货
dialogue_qinghe_lotus_basin_return_003,dialogue,我会替你记下潮口和熟路。下次船队带着荷露糖水出门，莲泽那边会认得这块招牌。,莲泽水航返货
dialogue_shen_favor_4_001,dialogue,我以前带过几个人下秘境。出来时，只剩我一个。,沈孤灯四心
dialogue_shen_favor_5_001,dialogue,最深那段我跟你走。你负责把事做成，我负责不让你倒在路上。,沈孤灯五心
dialogue_main_0403_001,dialogue,镇上能挪的人手、能凑的木料，我都带来了。你别回头看，后头有人。,终章支援许伯
dialogue_main_0403_002,dialogue,阵骨我给你打好了。再大的力，从我这儿过，也得服帖。,终章支援张铁山
dialogue_main_0403_003,dialogue,药阵已经铺开。你们谁倒下，我尽量都接得住。,终章支援白芷
dialogue_main_0403_004,dialogue,阵纹我来校时。二十四节，一节都不能错。,终章支援陆三笑
dialogue_main_0403_005,dialogue,外路能买到的稀料，我全给你背回来了。赔本就赔本，这回算我愿意。,终章支援胡四海
dialogue_main_0403_006,dialogue,外构和支架交给我。再破的地方，我都能给它搭出样子。,终章支援阿檀
dialogue_main_0403_007,dialogue,水脉已经引到阵脚，只差你最后把它们接起来。,终章支援青禾
dialogue_main_0403_008,dialogue,下螟巢那段，我陪你走。最险的路，不该让你一个人去。,终章支援沈孤灯
dialogue_main_0403_009,dialogue,我原以为这是我一个人的洞天。到今天才知道，它早就不只是我的了。,终章支援玩家
dialogue_main_0403_010,dialogue,去吧。把最后那口气，给这片地接回来。,终章支援收束
guide_main_0001_001,guide,先试着走几步。人只要还走得动，就还没到认输的时候。,新手移动
guide_main_0001_002,guide,靠近旧戒并互动，看看这件破东西到底想把你带到哪去。,新手交互
guide_main_0002_001,guide,清理草庐前的杂物，给自己腾出一块能落脚的地方。,清理教学
guide_main_0002_002,guide,打开背包看看，你现在的家底可经不起乱花。,背包教学
guide_main_0002_003,guide,把锄头装备上，先从地里把活干出来。,装备教学
guide_main_0003_001,guide,把白萝卜种下去。洞天再破，只要地还能种，就有翻身的可能。,播种教学
guide_main_0003_002,guide,去井边打水。灵田吃水，也吃你今天肯不肯多跑这几步。,取水教学
guide_main_0003_003,guide,给作物浇水，明天它才会记得回应你。,浇水教学
guide_main_0004_001,guide,打开地图，去凡仙镇看看。光守着地，日子是做不大的。,地图教学
guide_main_0004_002,guide,前往凡仙镇主街，认识这里的人，也让这里开始认识你。,进镇教学
guide_main_0005_001,guide,打开精怪面板。它不是作物了，是愿意跟着你干活的伙计。,精怪页教学
guide_main_0005_002,guide,给第一只精怪安排工作，让它替你分担最累的那一部分。,岗位教学
guide_main_0101_001,guide,惊蛰已到。节气不是摆设，天时现在真的会来找你麻烦。,节气面板教学
guide_main_0101_002,guide,清除害虫，保住田地。守住这一轮，你才有资格谈后面的收成。,虫害教学
guide_main_0201_001,guide,把至少三类商品摆上货架。掌柜不只是有货，更要会摆货。,上架教学
guide_main_0201_002,guide,开始营业。今天卖出去的，不只是货，也是你的招牌。,开业教学
term_name_lichun,term,立春,二十四节气
term_name_jingzhe,term,惊蛰,二十四节气
term_name_guyu,term,谷雨,二十四节气
term_name_dashu,term,大暑,二十四节气
term_name_bailu,term,白露,二十四节气
term_name_shuangjiang,term,霜降,二十四节气
term_name_dongzhi,term,冬至,二十四节气
weather_name_clear,weather,晴朗,天气
weather_name_cloudy,weather,多云,天气
weather_name_light_rain,weather,小雨,天气
weather_name_heavy_rain,weather,大雨,天气
weather_name_mist,weather,薄雾,天气
weather_name_hot_wind,weather,热风,天气
weather_name_dry_heat,weather,干热,天气
weather_name_dew,weather,晨露,天气
weather_name_cold_wind,weather,寒风,天气
weather_name_frost,weather,霜冻,天气
weather_name_light_snow,weather,小雪,天气
weather_name_heavy_snow,weather,大雪,天气
weather_name_extreme_cold,weather,极寒,天气
boss_name_liejia_muwei,boss,裂甲木卫,第一章 Boss
boss_name_shixiang_tengmu,boss,噬香藤母,第二章 Boss
boss_name_chiyan_xiehou,boss,赤魇蝎后,第三章 Boss
boss_name_shiling_mingmu,boss,噬灵螟母,终章 Boss
boss_skill_name_muwei_slam,skill,地裂重锤,木卫技能
boss_skill_name_muwei_vine,skill,地根缠裂,木卫技能
boss_skill_name_muwei_core,skill,护芯木甲,木卫技能
boss_skill_name_muwei_charge,skill,裂甲冲阵,木卫技能
boss_skill_name_tengmu_spore,skill,毒孢漫谷,藤母技能
boss_skill_name_tengmu_grab,skill,缠藤夺身,藤母技能
boss_skill_name_tengmu_blossom,skill,腐香绽放,藤母技能
boss_skill_name_tengmu_sap,skill,吸髓苦露,藤母技能
boss_skill_name_xiehou_tail,skill,灼尾横扫,蝎后技能
boss_skill_name_xiehou_sand,skill,焚砂喷针,蝎后技能
boss_skill_name_xiehou_ring,skill,炎壳火环,蝎后技能
boss_skill_name_xiehou_dive,skill,遁砂突袭,蝎后技能
boss_skill_name_xiehou_frenzy,skill,赤魇狂化,蝎后技能
boss_skill_name_xiehou_rain,skill,流火天坠,蝎后技能
boss_skill_name_mingmu_drain,skill,噬灵锥潮,螟母技能
boss_skill_name_mingmu_swarm,skill,螟群孵潮,螟母技能
boss_skill_name_mingmu_pulse,skill,蚀脉震冲,螟母技能
boss_skill_name_mingmu_corrupt,skill,腐地蔓延,螟母技能
boss_skill_name_mingmu_devour,skill,吞命噬核,螟母技能
boss_skill_name_mingmu_darkfall,skill,黯雨坠壳,螟母技能
boss_skill_name_mingmu_last,skill,末巢绝鸣,螟母技能
npc_bark_villager_morning_01,bark,今早的风比前阵子软些，田里总算像能喘口气了。,镇民早晨语
npc_bark_villager_morning_02,bark,听说你那洞天里的菜长得比镇外快，难怪最近大家都盯着你家铺子。,镇民早晨语
npc_bark_villager_shop_01,bark,掌柜，今天有新鲜点的菜没有？家里孩子正长身体呢。,镇民进店
npc_bark_villager_shop_02,bark,这价钱公道，回头我再带街坊来看看。,镇民购买
npc_bark_rogue_shop_01,bark,要是有补气和止血的，先给我瞧瞧，外头跑一趟不容易。,散修进店
npc_bark_rogue_shop_02,bark,这东西实在，不花哨，正合我们这种常在路上的人。,散修购买
npc_bark_healer_shop_01,bark,叶色和根须都不错，我看看你这批药材净不净。,医修进店
npc_bark_healer_shop_02,bark,收得这样干净，回去配药能省我不少事。,医修购买
npc_bark_crafter_shop_01,bark,有木料、布卷、灵油这类耐用货吗？我做活最怕材料拖后腿。,匠师进店
npc_bark_crafter_shop_02,bark,这批货做工扎实，掌柜，你是懂行的。,匠师购买
npc_bark_trader_shop_01,bark,我先不急着买，得先看看你这铺子的货路和品相稳不稳。,商贩进店
npc_bark_trader_shop_02,bark,成，这批我能往外带，路上转手也有赚头。,商贩购买
npc_bark_guest_shop_01,bark,这地方倒雅致，若再有几样精巧的礼盒，就更像样了。,贵客进店
npc_bark_guest_shop_02,bark,包得体面，味道也不俗，送人正好。,贵客购买
npc_bark_faction_shop_01,bark,我奉门内之命来验货。若品质过得去，后面的单子才好谈。,门派采办进店
npc_bark_faction_shop_02,bark,这一批标准合格，看来凡仙镇也不是只有小生意。,门派采办购买
npc_bark_drought_01,bark,井又浅了些。要不是你前阵子送来的水和药，真不知道怎么熬。,大旱镇民语
npc_bark_drought_02,bark,医馆那边还在排人，可至少大家现在知道，今天还能撑过去。,大旱医修语
npc_bark_festival_01,bark,这灯一挂起来，连街口那棵老树都像年轻了几岁。,节庆镇民语
npc_bark_festival_02,bark,这样的小镇竟也能办出这般气氛，倒让我舍不得赶路了。,节庆贵客语
shop_feedback_villager_good_price,feedback,这价钱实在，买得起，也舍得常来。,镇民好评
shop_feedback_villager_too_expensive,feedback,掌柜，这个价我可真下不去手，改天再说吧。,镇民嫌贵
shop_feedback_villager_stale,feedback,这菜看着有些蔫了，家里人嘴挑，怕是吃不住。,镇民嫌不新鲜
shop_feedback_rogue_quality_ok,feedback,带着上路正合适，不占地方，还真管用。,散修好评
shop_feedback_rogue_low_stock,feedback,我本想多带两份，可你这货剩得也太少了。,散修缺货反馈
shop_feedback_healer_clean,feedback,药性稳，处理也干净，这样的货最省心。,医修好评
shop_feedback_healer_mixed,feedback,这一批品相参差得有些大，下次最好分得再清楚些。,医修差评
shop_feedback_crafter_material,feedback,材料扎实，不糊弄人。跟你做买卖，省返工。,匠师好评
shop_feedback_trader_margin,feedback,这批货我带出去还有赚头，往后可以多谈。,商贩好评
shop_feedback_trader_overpriced,feedback,你这价格我转手不动，真带出去就是压货。,商贩嫌贵
shop_feedback_guest_premium,feedback,品相、包法、气味都体面，送礼很有面子。,贵客好评
shop_feedback_guest_common,feedback,东西不差，就是太平常了，做礼还欠些意思。,贵客嫌普通
shop_feedback_faction_batch,feedback,批次整齐，标准统一，这样才配进门派账册。,门派采办好评
shop_feedback_faction_fail,feedback,杂、散、品级不稳。这样的货，门内不会收第二回。,门派采办差评
shop_feedback_drought_relief,feedback,这几样应急货来得正是时候，镇上不少人都记你的情。,大旱救援反馈
customer_flow_hint_enter,ui_hint,顾客入店，准备观察他的偏好与停留路线。,顾客流程提示
customer_flow_hint_browse,ui_hint,镇民会优先看基础货架和当日新鲜商品。,顾客流程提示
customer_flow_hint_price,ui_hint,镇民对价格敏感，价格过高时更容易放弃购买。,顾客流程提示
customer_flow_hint_queue,ui_hint,顾客决定购买后会前往柜台排队结算。,顾客流程提示
customer_flow_hint_finish,ui_hint,交易结束后会播放对应满意度反馈并结算口碑变化。,顾客流程提示
customer_flow_hint_rogue_check,ui_hint,散修更关注恢复品、轻便补给和实战价值。,顾客流程提示
customer_flow_hint_stock,ui_hint,散修若发现库存太少，可能会直接离店。,顾客流程提示
customer_flow_hint_quality,ui_hint,医修会先判断药材品质和药性稳定度。,顾客流程提示
customer_flow_hint_clean,ui_hint,医修对杂质和处理粗糙度非常敏感。,顾客流程提示
customer_flow_hint_material,ui_hint,匠师更关注材料是否耐用、成色是否稳定。,顾客流程提示
customer_flow_hint_margin,ui_hint,商贩会先评估这批货是否有转卖利润。,顾客流程提示
customer_flow_hint_resell,ui_hint,若利润空间不足，商贩更容易放弃购买。,顾客流程提示
customer_flow_hint_premium,ui_hint,贵客会优先停留在精品柜与礼盒区。,顾客流程提示
customer_flow_hint_gift,ui_hint,贵客更看重包装、体面和礼赠感受。,顾客流程提示
customer_flow_hint_batch,ui_hint,门派采办会先看整批货是否统一、稳定、足量。,顾客流程提示
customer_flow_hint_standard,ui_hint,门派顾客的通过门槛最高，但成功后口碑回报也更大。,顾客流程提示
quest_name_side_0101,quest_name,桥下旧事,第一章支线
quest_name_side_0102,quest_name,锤下火星,第一章支线
quest_name_side_0103,quest_name,药柜里的一格空,第一章支线
quest_name_side_0104,quest_name,惊蛰巡田,第一章支线
quest_name_side_0105,quest_name,胖萝卜想吃什么,第一章精怪支线
quest_name_side_0201,quest_name,好货卖给谁,第二章支线
quest_name_side_0202,quest_name,木棚搭到哪一边,第二章支线
quest_name_side_0203,quest_name,今晚要先救谁,第二章支线
quest_name_side_0204,quest_name,茶摊边的旧见闻,第二章支线
quest_name_side_0205,quest_name,池塘里那条灵鱼,第二章支线
quest_name_side_0206,quest_name,炉边别乱跳,第二章精怪支线
quest_name_side_0301,quest_name,山坡上的旧剑痕,第三章支线
quest_name_side_0302,quest_name,样品先送哪一批,第三章支线
quest_name_side_0303,quest_name,河道下面还有路,第三章支线
quest_name_side_0304,quest_name,这一间住谁,第三章精怪支线
quest_name_side_0305,quest_name,风炉能不能再快一点,第三章支线
quest_name_side_0306,quest_name,蒜阵夜巡,第三章精怪支线
quest_name_side_0401,quest_name,先送哪一家,第四章支线
quest_name_side_0402,quest_name,这一趟我替你跑,第四章支线
quest_name_side_0403,quest_name,今夜药灯别灭,第四章支线
quest_name_side_0404,quest_name,残碑后半句,第四章支线
quest_name_side_0405,quest_name,最后一渠水,第四章精怪支线
quest_name_side_0406,quest_name,盛宴前的最后一卷,第四章精怪支线
quest_side_0101_desc,quest_desc,听许伯讲断桥旧事，去桥下拾回旧木牌，让这段过往真正收个尾。,支线描述
quest_side_0102_desc,quest_desc,替张铁山补齐修补材料，看看他那张硬脸后头到底藏着几分真心。,支线描述
quest_side_0103_desc,quest_desc,给医馆补齐几样基础药材，让白芷的药柜里那一格空位先填上。,支线描述
quest_side_0104_desc,quest_desc,惊蛰虫害加重，巡田清虫，保住这一季最早的一批苗。,支线描述
quest_side_0105_desc,quest_desc,试着喂胖萝卜不同食物，找出它真正喜欢的口味。,精怪支线描述
quest_side_0201_desc,quest_desc,用不同定价方式测试同一批货的销售反馈，学会把东西卖给对的人。,支线描述
quest_side_0202_desc,quest_desc,和阿檀一起决定木棚和宿舍的搭法，让工坊和精怪住处更顺手。,支线描述
quest_side_0203_desc,quest_desc,白芷今晚要先救几位不同的病人，你得替她把对应药材都备齐。,支线描述
quest_side_0204_desc,quest_desc,收集三条市闻，和陆三笑换一段真正有用的旧见闻。,支线描述
quest_side_0205_desc,quest_desc,修池塘、放鱼苗、钓起第一条灵鱼，为后续水生玩法打底。,支线描述
quest_side_0206_desc,quest_desc,带着辣椒精完成十次火系加工，看看它到底是帮工还是惹祸精。,精怪支线描述
quest_side_0301_desc,quest_desc,接受沈孤灯的训练，在真正危险来临前先把脚下这一步练稳。,支线描述
quest_side_0302_desc,quest_desc,门派采办来前，先把样品送对，给后续大单打个好底子。,支线描述
quest_side_0303_desc,quest_desc,和青禾一起探查旧河道，看看水脉到底还剩几口气能接回来。,支线描述
quest_side_0304_desc,quest_desc,安排精怪同住并稳定心情，把百怪大院过成真正像家的地方。,精怪支线描述
quest_side_0305_desc,quest_desc,帮张铁山试做风炉升级件，让工坊再往上提一个档次。,支线描述
quest_side_0306_desc,quest_desc,让大蒜线精怪在夜巡中独当一面，看看它能不能把院子守稳。,精怪支线描述
quest_side_0401_desc,quest_desc,在大旱最紧的时候，把水和药先送到最撑不住的几户人家手里。,支线描述
quest_side_0402_desc,quest_desc,给胡四海备好最后一趟外路补给，等他把最难的一批材料带回来。,支线描述
quest_side_0403_desc,quest_desc,守住医馆三夜灯火，让白芷能一直把药和人都接住。,支线描述
quest_side_0404_desc,quest_desc,找齐守阵残碑的碎片，把那句一直没讲完的话补完整。,支线描述
quest_side_0405_desc,quest_desc,让三阶水运精怪把灵泉真正引到终章阵脚，为建阵接上最后一口活水。,精怪支线描述
quest_side_0406_desc,quest_desc,赶在最终盛宴前做出最后一卷礼布，把这一年挣回来的体面穿在镇子身上。,精怪支线描述
spirit_event_luobo_01,spirit_event,这是专门留给我的？昨晚最圆的那一颗，你自己都没舍得吃吧。,精怪事件
spirit_event_luobo_02,spirit_event,那就去吧。你替我守了这么久田，也该长成更像样的模样了。,精怪事件
spirit_event_luobo_03,spirit_event,只要这片地还活着，我们就还有办法。,精怪事件
spirit_event_lajiao_01,spirit_event,……等等，这炉火真稳了？,精怪事件
spirit_event_lajiao_02,spirit_event,你倒像越热越精神。,精怪事件
spirit_event_lajiao_03,spirit_event,它在替我们镇火？,精怪事件
spirit_event_suan_01,spirit_event,好家伙，还真会护田。,精怪事件
spirit_event_suan_02,spirit_event,那我以后也不能让你白挨打。,精怪事件
spirit_event_suan_03,spirit_event,院里有你，我才敢放心往前走。,精怪事件
spirit_event_shui_01,spirit_event,那以后水路这事，就慢慢交给你。,精怪事件
spirit_event_shui_02,spirit_event,那就把更大的渠也交给你。,精怪事件
spirit_event_shui_03,spirit_event,好，这一口气，我们一起接。,精怪事件
spirit_event_yunshu_01,spirit_event,原来你是嫌我放得到处都是。行，收拾屋子这事你比我强。,精怪事件
spirit_event_yunshu_02,spirit_event,原来最懂过日子的不是我，是它。,精怪事件
spirit_event_yunshu_03,spirit_event,好，我知道。你守仓，我去守店。,精怪事件
spirit_event_bucao_01,spirit_event,看来以后精品柜，少不了你。,精怪事件
spirit_event_bucao_02,spirit_event,好，节庆的门面，就靠你撑了。,精怪事件
spirit_event_bucao_03,spirit_event,这不是卖货了，这是替整个镇子做脸面。,精怪事件
voice_luobo_idle_01,voice,咕……,萝卜待机
voice_luobo_work_01,voice,咕咕！,萝卜工作
voice_luobo_happy_01,voice,咕呀！,萝卜开心
voice_lajiao_idle_01,voice,噼。 ,辣椒待机
voice_lajiao_work_01,voice,噼啪！,辣椒工作
voice_lajiao_battle_01,voice,轰！,辣椒战斗
voice_suan_idle_01,voice,嚓。,大蒜待机
voice_suan_battle_01,voice,铮！,大蒜战斗
voice_suan_final_01,voice,铮铮。,大蒜终章
voice_shui_idle_01,voice,啵。 ,水运待机
voice_shui_work_01,voice,啵啵！,水运工作
voice_shui_final_01,voice,嗡。 ,水运终章
voice_yunshu_idle_01,voice,咕噜。 ,搬运待机
voice_yunshu_work_01,voice,哈！,搬运工作
voice_yunshu_final_01,voice,咚。 ,搬运终章
voice_bucao_idle_01,voice,唧。 ,布草待机
voice_bucao_work_01,voice,唧唧。 ,布草工作
voice_bucao_final_01,voice,呜。 ,布草终章
side_quest_hint_map_01,ui_hint,支线对白映射已经接入，可以按任务步骤回查对应演出与文本。,支线映射提示
customer_behavior_hint_01,ui_hint,顾客行为参数可用于调试等待、浏览和离店节奏。,顾客参数提示
spirit_event_hint_01,ui_hint,精怪事件表已经接入，后续可继续扩展个体记忆与语音库。,精怪事件提示
reward_pool_hint_01,ui_hint,任务奖励池表已接入，可统一维护主线、支线与功能解锁奖励。,奖励池提示
spirit_memory_hint_01,ui_hint,精怪记忆旗标表可用于长期追踪进化、陪伴与特殊状态。,精怪记忆提示
dialogue_cohab_baizhi_daily_001,dialogue,你先坐，我把昨晚晾着的药翻一遍。第二年的清晨，不该再像去年那样总是赶命。,白芷同住日常
dialogue_cohab_baizhi_weekly_001,dialogue,现在我敢慢一点看病了。因为我知道，药园、药材、还有你，都稳下来了。,白芷同住周常
dialogue_cohab_hu_daily_001,dialogue,飞舟单子我一早就看过了。你把货备得这么稳，我这嘴上砍价都更有底气。,胡四海同住日常
dialogue_cohab_hu_weekly_001,dialogue,这趟路回来，我第一次不是想着赚了多少，而是想着总算有地方能回来报账。,胡四海同住周常
dialogue_cohab_atan_daily_001,dialogue,院角那排木架我又改了改。住久了才知道，家这种东西，是一点点顺出来的。,阿檀同住日常
dialogue_cohab_atan_weekly_001,dialogue,你现在做的不只是修房子了，是把很多人的以后都安进去了。,阿檀同住周常
dialogue_cohab_qinghe_daily_001,dialogue,池水今天很安静，连鱼都像知道这里已经不是临时搭起来的日子了。,青禾同住日常
dialogue_cohab_qinghe_weekly_001,dialogue,雨下得再大，我也不怕了。因为这回，水回来的地方就是家。,青禾同住周常
dialogue_cohab_shen_daily_001,dialogue,夜里我照旧巡了一圈。不是因为怕出事，是想让你醒来时还能安心觉得一切都稳着。,沈孤灯同住日常
dialogue_cohab_shen_weekly_001,dialogue,以前我总觉得走远的人不该有牵挂。现在才知道，有人等着，反而更走得回来。,沈孤灯同住周常
order_name_year2_shop_0001,order_name,名铺礼宴三件套,第二年店铺订单
order_name_year2_shop_0002,order_name,高阶续命诊疗单,第二年药品订单
order_name_year2_trade_0001,order_name,云桥集试航货单,第二年商路订单
order_name_year2_trade_0002,order_name,赤砂飞舟护送单,第二年高风险商路订单
order_name_year2_town_0001,order_name,凡仙镇共建补给单,第二年镇建订单
order_name_year2_water_0001,order_name,灵池水航鲜货单,第二年水系订单
order_name_year2_water_0002,order_name,莲泽熟路续订单,第二年水系订单
order_name_year2_guard_0001,order_name,夜巡与秘境补给单,第二年护院订单
order_name_year2_festival_0001,order_name,书契会节庆礼单,第二年节庆订单
dialogue_cohab_baizhi_weekly_002,dialogue,你在这儿，我就能把每一味药都看得更准些。很多年了，我第一次觉得灯熄了也不用慌。,白芷同住周常补句
dialogue_cohab_hu_weekly_002,dialogue,以前我回程只会算亏赚。现在进门前，我还会想你今天是不是等得有点晚了。,胡四海同住周常补句
dialogue_cohab_atan_weekly_002,dialogue,地方一旦真被人住进心里，连添一盏灯都像是在给往后铺路。,阿檀同住周常补句
dialogue_cohab_qinghe_weekly_002,dialogue,你听，这水声已经不是以前那种乱响了。它现在知道该往哪儿回。,青禾同住周常补句
dialogue_cohab_shen_weekly_002,dialogue,火一旺，人就容易多说点真话。现在我倒不介意让你听见这些了。,沈孤灯同住周常补句
season_name_shop_001,name,春市新芽榜,第二年赛季名
season_name_shop_002,name,谷雨灵膳榜,第二年赛季名
season_name_shop_003,name,盛夏工坊榜,第二年赛季名
season_name_shop_004,name,白露礼宴榜,第二年赛季名
season_name_shop_005,name,冬至名铺榜,第二年赛季名
dialogue_cohab_baizhi_festival_001,dialogue,冬夜药灯一排排亮起来的时候，我才真的觉得，去年那些没守住的人，终于不会再追着我入梦了。,白芷节庆后日谈
dialogue_cohab_hu_festival_001,dialogue,这一船灯一挂，我都快忘了自己以前总在最冷的夜里一个人清货。现在倒像真有个地方能庆年了。,胡四海节庆后日谈
dialogue_cohab_atan_festival_001,dialogue,灯架、木牌、门头都稳稳当当地立住了。一个地方能被人认真装点，说明它已经值得被留下来。,阿檀节庆后日谈
dialogue_cohab_qinghe_festival_001,dialogue,白露的水声最轻，也最真。你若站久一点，就能听出这片地现在已经不再喊渴了。,青禾节气后日谈
dialogue_cohab_shen_festival_001,dialogue,冬夜火堆边最适合守着不说话。可你若在，我倒也愿意把沉默分你一半。,沈孤灯节庆后日谈
spirit_name_hualing_01,name,花铃豆灵,稀有精怪名
spirit_name_hualing_02,name,花朝小侍,稀有精怪名
spirit_name_hualing_03,name,百花迎客使,稀有精怪名
spirit_name_leizhu_01,name,雷纹竹童,稀有精怪名
spirit_name_leizhu_02,name,逐电竹将,稀有精怪名
spirit_name_leizhu_03,name,青霆守阵君,稀有精怪名
spirit_name_yuelian_01,name,月白莲灵,稀有精怪名
spirit_name_yuelian_02,name,凝露莲姬,稀有精怪名
spirit_name_yuelian_03,name,太阴静池主,稀有精怪名
spirit_name_dengying_01,name,灯芯小魅,稀有精怪名
spirit_name_dengying_02,name,巡灯童子,稀有精怪名
spirit_name_dengying_03,name,万家灯火君,稀有精怪名
spirit_name_shuqi_01,name,纸页小吏,稀有精怪名
spirit_name_shuqi_02,name,契册书灵,稀有精怪名
spirit_name_shuqi_03,name,万簿司命,稀有精怪名
skill_name_shuqi_01_passive,skill,账页预判,书契精技能
skill_desc_shuqi_01_passive,skill,会先把顺手的高值订单和可接委托翻到最上面。,书契精技能
skill_name_shuqi_02_passive,skill,缺货签,书契精技能
skill_desc_shuqi_02_passive,skill,店铺收摊后会标出只剩最后一件的货，并给出补货顺序。,书契精技能
skill_name_shuqi_03_active,skill,旧账新编,书契精技能
skill_desc_shuqi_03_active,skill,可在名铺赛季面板手动誊写回忆页，让当前或待领取的结算分提升 8%。,书契精技能
spirit_name_fengmi_01,name,蜜蜂团子,稀有精怪名
spirit_name_fengmi_02,name,蜜酿小管事,稀有精怪名
spirit_name_fengmi_03,name,百蜜丰收主,稀有精怪名
dialogue_bond_luobo_01,dialogue,你看，它今天一早就在田埂边等着了。主线完了，日子却像才真正开始。,精怪羁绊对白
dialogue_bond_luobo_05,dialogue,它还记得第一块灵田的位置。那时候我们什么都没有，连水都要省着浇。,精怪羁绊对白
dialogue_bond_luobo_10,dialogue,从第一颗萝卜到这一整片洞天，它一直都在。,精怪羁绊对白
dialogue_bond_lajiao_01,dialogue,炉火噼啪响得很得意，好像在说今天也别想让工坊冷下来。,精怪羁绊对白
dialogue_bond_lajiao_05,dialogue,它以前只会炸炉，现在倒知道什么时候该收火了。我们都变稳了一点。,精怪羁绊对白
dialogue_bond_lajiao_10,dialogue,这座工坊能撑起镇上的热饭热药，也有它一半火气。,精怪羁绊对白
dialogue_bond_shui_01,dialogue,它把水桶推到门边，像在提醒你今天也要慢慢来。,精怪羁绊对白
dialogue_bond_shui_05,dialogue,旧渠重新有水声以后，它总喜欢在那里多待一会儿。,精怪羁绊对白
dialogue_bond_shui_10,dialogue,这一池水不再只是救急了，它已经成了家的声音。,精怪羁绊对白
dialogue_bond_hualing_01,dialogue,花铃轻轻一响，今天第一个客人就在门口停住了脚。,稀有精怪羁绊对白
dialogue_bond_hualing_05,dialogue,它好像知道谁只是路过，谁是真的需要一点好看的东西撑住心情。,稀有精怪羁绊对白
dialogue_bond_hualing_10,dialogue,这间店有了花香以后，连买卖都不像买卖，更像有人认真来过。,稀有精怪羁绊对白
dialogue_bond_leizhu_01,dialogue,竹叶上还带着细小电光。看来今天跑远路，它比谁都兴奋。,稀有精怪羁绊对白
dialogue_bond_leizhu_05,dialogue,暴雨夜里它替商队挡过一次雷，从那以后胡四海看它都客气了三分。,稀有精怪羁绊对白
dialogue_bond_leizhu_10,dialogue,有它领队，再远的路也像有一根青竹撑着天。,稀有精怪羁绊对白
dialogue_bond_yuelian_01,dialogue,月莲浮在池边，什么也不说，心却慢慢静下来了。,稀有精怪羁绊对白
dialogue_bond_yuelian_05,dialogue,它记得每一个难熬的夜晚，也记得后来水面终于亮起来的时候。,稀有精怪羁绊对白
dialogue_bond_yuelian_10,dialogue,这片夜色从前很空，现在却像有人替你守着灯。,稀有精怪羁绊对白
dialogue_leizhu_bond_final_001,dialogue,这条山脊明明被雨打得快认不出来了，你却像早就知道雷会落在哪里。,雷竹精满羁绊
dialogue_leizhu_bond_final_002,dialogue,路没丢。雷只是把旧木桩一根根敲给你看。跟着我走，货不会翻，人也不会乱。,雷竹精满羁绊
dialogue_leizhu_bond_final_003,dialogue,原来你一直守着的不是近路，是一条谁都还能平安回来的旧雷道。,雷竹精满羁绊
dialogue_leizhu_bond_final_004,dialogue,嗯。今天把路重新认回来。以后暴雨再起，这条线归我们领。,雷竹精满羁绊
dialogue_leizhu_evolution_001,dialogue,刚才那阵雨明明已经压下来了，你却先去敲了货角，还让我把最值钱的那箱往里收。,雷竹精进化
dialogue_leizhu_evolution_002,dialogue,先护货，再赶路。少赚一点能补，翻了就全没了。你肯停那一步，我才愿意跟你走更远。,雷竹精进化
dialogue_leizhu_evolution_003,dialogue,所以你一直看的不是哪条路更快，而是哪条路能让人和货都平安回来。,雷竹精进化
dialogue_leizhu_evolution_004,dialogue,对。以后中风险的线我来盯，你只管把该带的补给带齐。,雷竹精进化
dialogue_hualing_evolution_001,dialogue,它刚才对前后两位客人说的话完全不一样……可偏偏都把人留住了。,花铃精进化
dialogue_hualing_evolution_002,dialogue,门口风不一样，客人的脚步也不一样呀。要是只会一种招呼声，就太可惜了。,花铃精进化
dialogue_hualing_evolution_003,dialogue,原来你不是只会热闹地摇铃，你已经会看谁该被花香拦一下、谁该被灯色留一下了。,花铃精进化
dialogue_hualing_evolution_004,dialogue,哼哼，所以以后礼品客、镇民客、路过客，我都替你分着接。你只要把好看的货摆出来！,花铃精进化
dialogue_hualing_bond_final_001,dialogue,今天门口怎么这么安静……这就是你说的“无声花市”吗？,花铃精满羁绊
dialogue_hualing_bond_final_002,dialogue,嗯！春市不是只靠吆喝呀。记得被你好好招待过的熟客，会顺着花香自己回来。,花铃精满羁绊
dialogue_hualing_bond_final_003,dialogue,原来你把贵客、镇民、门派采办都记在心里了。难怪就算不必吆喝，他们也肯在门前多停一步。,花铃精满羁绊
dialogue_hualing_bond_final_004,dialogue,所以这次不是我替你抢客，是替你把会回头的人一位位请回来。以后鲜货和礼盒一摆好，花市就自己开啦。,花铃精满羁绊
dialogue_shuqi_first_meet_001,dialogue,这本旧账怎么自己翻到了那一页？旁边还圈着一行字……“少赚了十七枚铜钱”。,书契精初见
dialogue_shuqi_first_meet_002,dialogue,少赚了十七枚。不是你手艺差，是货架摆散了，愿意顺手多买一份的人被你放走啦。,书契精初见
dialogue_shuqi_first_meet_003,dialogue,你这是在替我记账，还是在替这间店挑毛病？,书契精初见
dialogue_shuqi_first_meet_004,dialogue,会挑出漏掉的买卖，才算真把东西疼惜明白。让我留下，我替你把每页账本都记成能赚钱的路。,书契精初见
dialogue_shuqi_evolution_001,dialogue,我照着你的诊断把货架重新排了三回，连只剩最后一件的货都单独挪出来了。这样，算不算有点经营头脑？,书契精进化
dialogue_shuqi_evolution_002,dialogue,这回像样了。你不只会看见少赚在哪，还会先把缺货挡在开铺前头。这样的账，我愿意继续跟。,书契精进化
dialogue_shuqi_evolution_003,dialogue,所以这些朱砂账签，是提醒我哪一格最容易把客人放走？,书契精进化
dialogue_shuqi_evolution_004,dialogue,正是。哪样只剩最后一件、哪样该先补、哪张高值单能顺手接，我都会替你先压在账页边。你已经配得上更大的生意了。,书契精进化
dialogue_shuqi_bond_final_001,dialogue,这一年能立住的招牌、没再犯的亏漏、终于守住的余量，你全都替这间店熬出来了。现在，轮到我把它们写成真正的账。,书契精满羁绊
dialogue_shuqi_bond_final_002,dialogue,我已经把洞天复兴这一年的买卖誊成《洞天旧账新编》。往后每一季，只要你愿意，我都能替你再压出一页回忆页，把结算往上托一截。,书契精满羁绊
dialogue_shuqi_bond_final_003,dialogue,也就是说，这本账不只是记下我做过什么，还会提醒我下一季该怎样把一间店做成真正的名铺？,书契精满羁绊
dialogue_shuqi_bond_final_004,dialogue,正是如此。记住得失，才配谈复兴；把旧账写成新路，才算真的有了万簿司命该跟随的人。,书契精满羁绊
dialogue_yuelian_first_meet_001,dialogue,刚才水面上明明没有月亮……这朵莲，怎么会自己发光？,月莲精初见
dialogue_yuelian_first_meet_002,dialogue,……你连着三夜都把水留在刚好的地方。我顺着这口安静，才认回这里。,月莲精初见
dialogue_yuelian_first_meet_003,dialogue,这滴月露，是给我的？如果你愿意，就留在这口池里吧。,月莲精初见
dialogue_yuelian_first_meet_004,dialogue,我不擅长热闹。可你既肯替它们留一口平水，我也愿意替你守几晚夜色。,月莲精初见
dialogue_yuelian_evolution_001,dialogue,它们今天明明还能再撑一会儿，可你还是让大家休息了。,月莲精二阶段
dialogue_yuelian_evolution_002,dialogue,嗯。疲劳时停手，不是浪费，是给心和饱腹都留白。,月莲精二阶段
dialogue_yuelian_evolution_003,dialogue,原来静池记住的不是我做了多少事，而是我有没有把伙伴逼得太累。,月莲精二阶段
dialogue_yuelian_evolution_004,dialogue,这片莲叶会替庭院岗慢慢收露。明日醒来，它们会少饿一点，也会记得这种温柔。,月莲精二阶段
dialogue_yuelian_bond_final_001,dialogue,今夜明明没有月亮，池面却像把整条旧水脉都照出来了。,月莲精满羁绊
dialogue_yuelian_bond_final_002,dialogue,这就是“无月之月”。不是天上那一轮，是水终于记起自己该往哪里回。,月莲精满羁绊
dialogue_yuelian_bond_final_003,dialogue,原来你一直守着的，不只是这一口池，而是所有还能回来的夜路。,月莲精满羁绊
dialogue_yuelian_bond_final_004,dialogue,你替它们留住平水，我替你留住夜色。从今往后，这里会安静，也会让大家愿意回来。,月莲精满羁绊
dialogue_dengying_evolution_001,dialogue,它刚才……自己从灯座旁挪开了？以前你一靠近，它都会往后缩。,灯影精进化
dialogue_dengying_evolution_002,dialogue,你把灯一直留着，我就想试试再往黑一点的地方走。要是路乱了，我也能替你照一段。,灯影精进化
dialogue_dengying_evolution_003,dialogue,那今晚就别只守着这一盏了。陪我把前面的夜路也点起来。,灯影精进化
dialogue_dengying_evolution_004,dialogue,好。你走前面，我照着你的影子。以后真有谁从黑处摸过来，我会先看见。,灯影精进化
dialogue_dengying_bond_final_001,dialogue,这条冬至长灯路，是你昨晚一盏盏接到镇口的？整座凡仙镇都亮得像在等谁回家。,灯影精满羁绊
dialogue_dengying_bond_final_002,dialogue,冬至夜长，最怕有人走到一半就被忘在黑里。我先把灯接起来，他们就知道路还在。,灯影精满羁绊
dialogue_dengying_bond_final_003,dialogue,那秘境口那道原本看不见的影缝，也是你先照出来的隐藏入口？,灯影精满羁绊
dialogue_dengying_bond_final_004,dialogue,嗯。先照见入口，夜里回来的人就少慌一点。只要灯还亮着，我就陪他们把路认回。,灯影精满羁绊
dialogue_fengmi_evolution_001,dialogue,你刚才明明只尝了一滴，就把两罐花蜜分开倒进去了……这一锅甜香居然真的更稳了。,蜂蜜精进化
dialogue_fengmi_evolution_002,dialogue,春花的甜要先亮一下，秋花的甜得压在后面呀。顺着客人的嘴巴调，锅里才不会只剩一股腻味。,蜂蜜精进化
dialogue_fengmi_evolution_003,dialogue,所以你学会的不是多放一点蜜，而是替每一锅甜品把回香和客人的第一口都算进去了。,蜂蜜精进化
dialogue_fengmi_evolution_004,dialogue,对呀。以后甜单和甜锅都先让我闻一闻，我会把最会回头的那层味道替你留下。,蜂蜜精进化
dialogue_fengmi_bond_final_001,dialogue,今天院子里怎么摆了这么多小盏和蜜罐？连花铃、书契它们都被你叫来了。,蜂蜜精满羁绊
dialogue_fengmi_bond_final_002,dialogue,大丰收的时候，甜味不该只给客人呀。大家都尝过这一口，门前的热闹才会自己记住怎么回来。,蜂蜜精满羁绊
dialogue_fengmi_bond_final_003,dialogue,原来你办的不是一桌点心，是把整间店会回头的香气、笑声和人情都先养熟了。,蜂蜜精满羁绊
dialogue_fengmi_bond_final_004,dialogue,嗯！以后你想招待甜口客，就先让我摆一席百花茶会。杯盏一热，熟客和精怪都会自己往这里坐。,蜂蜜精满羁绊
combo_name_rain_herb_garden,name,雨后药圃,生态组合名
combo_name_fire_feast_hall,name,火灶宴堂,生态组合名
combo_name_night_lamp_path,name,夜巡灯径,生态组合名
combo_name_cloud_warehouse,name,云仓流转,生态组合名
combo_name_flower_guest_yard,name,花铃客庭,生态组合名
combo_name_moon_pond,name,月莲静池,生态组合名
combo_name_honey_orchard,name,百蜜果园,生态组合名
combo_name_book_order_room,name,书契账房,生态组合名
trial_name_guyu_herb,name,谷雨百草试,年轮试炼名
trial_name_dashu_fire,name,大暑镇火试,年轮试炼名
trial_name_bailu_gift,name,白露凝香试,年轮试炼名
trial_name_dongzhi_lantern,name,冬至宴灯试,年轮试炼名
trial_name_dahan_guard,name,大寒守岁试,年轮试炼名
goal_name_daily_spirit_care,name,今日精怪照料,自由目标名
goal_name_weekly_expedition,name,本周远征小队,自由目标名
goal_name_monthly_shop_rank,name,本月名铺冲榜,自由目标名
goal_name_ecology_a_rank,name,六座甲等生态庭院,自由目标名
goal_name_trial_all_b,name,二十四节气年轮通考,自由目标名
goal_name_rare_spirit_collect,name,稀有精怪图鉴,自由目标名
goal_name_bond_10_first,name,第一位终身伙伴,自由目标名
goal_name_bond_10_all_core,name,十灵同心,自由目标名
item_name_special_huojing_fragment,name,火精残片,第二年物品
desc_special_huojing_fragment,desc,大暑试炼和火系商路中获得的残片，可用于稀有工坊装置和火系精怪进阶。,第二年物品描述
item_name_special_dinghai_shenzhu_fragment,name,定海神珠残片,第二年物品
desc_special_dinghai_fragment,desc,水路秘境中发现的古阵残片，仍能听见一点极深的潮声。,第二年物品描述
item_name_route_rare_material,name,外路奇材,第二年物品
desc_route_rare_material,desc,跨界商路带回的少见材料，适合用于高级订单、建筑和精怪进阶。,第二年物品描述
item_name_yearwheel_memory_shard,name,年轮记忆片,第二年物品
desc_yearwheel_memory_shard,desc,完成年轮试炼后凝成的记忆碎片，记录着洞天又走过一个节气的痕迹。,第二年物品描述
item_name_deco_ecology_monument,name,生态庭院纪念碑,成就装饰
desc_deco_ecology_monument,desc,纪念多座主题庭院达成甲等评分的洞天装饰。,成就装饰描述
item_name_deco_spirit_codex_wall,name,精怪图鉴墙,成就装饰
desc_deco_spirit_codex_wall,desc,记录稀有精怪相遇、进化和羁绊故事的纪念墙。,成就装饰描述
customer_name_child,name,镇上小童,顾客名
customer_name_pilgrim,name,节气朝圣客,顾客名
customer_name_collector,name,奇货收藏客,顾客名
customer_name_villager,name,凡仙镇民,顾客名
customer_name_rogue,name,路过散修,顾客名
customer_name_healer,name,采药医修,顾客名
customer_name_crafter,name,游方匠师,顾客名
customer_name_trader,name,外路行商,顾客名
customer_name_guest,name,远来贵客,顾客名
customer_name_faction,name,门派采办,顾客名
customer_arch_villager,name,镇民,顾客类型
customer_arch_child,name,小童,顾客类型
customer_arch_rogue,name,散修,顾客类型
customer_arch_healer,name,医修,顾客类型
customer_arch_crafter,name,匠师,顾客类型
customer_arch_trader,name,行商,顾客类型
customer_arch_guest,name,贵客,顾客类型
customer_arch_faction,name,门派采办,顾客类型
customer_arch_pilgrim,name,朝圣客,顾客类型
customer_arch_collector,name,收藏客,顾客类型
customer_tag_fresh_food,name,新鲜吃食,顾客标签
customer_tag_medicine,name,药品药材,顾客标签
customer_tag_water_relief,name,救灾水食,顾客标签
customer_tag_portable_supply,name,便携补给,顾客标签
customer_tag_festival_gift,name,节庆礼品,顾客标签
customer_tag_premium_luxury,name,高级珍品,顾客标签
customer_tag_batch_standard,name,批量标准货,顾客标签
customer_tag_route_rare,name,外路奇货,顾客标签
customer_tag_spirit_crafted,name,精怪手作,顾客标签
customer_tag_ecology_product,name,生态庭院产物,顾客标签
customer_tag_cooling,name,消暑清凉,顾客标签
customer_tag_warming,name,温补御寒,顾客标签
customer_tag_ritual,name,仪式供物,顾客标签
customer_tag_low_price,name,平价日用,顾客标签
customer_tag_low_quality,name,低劣品质,顾客标签
ui_hint_tag_fresh_food,ui_hint,镇民和小童会优先购买新鲜吃食。,顾客标签提示
ui_hint_tag_medicine,ui_hint,药品药材在寒冷、灾害和门派订单中需求更高。,顾客标签提示
ui_hint_tag_water_relief,ui_hint,大暑、大寒和灾害期会显著提高救灾水食需求。,顾客标签提示
ui_hint_tag_portable_supply,ui_hint,散修和行商更偏好能带去秘境或商路的补给。,顾客标签提示
ui_hint_tag_festival_gift,ui_hint,节庆礼品适合冬至和名铺赛季陈列。,顾客标签提示
ui_hint_tag_premium_luxury,ui_hint,高级珍品能吸引贵客和收藏客，但对陈列品质要求更高。,顾客标签提示
ui_hint_tag_batch_standard,ui_hint,门派采办重视批量、稳定和标准化。,顾客标签提示
ui_hint_tag_route_rare,ui_hint,外路奇货可提高行商和收藏客到访意愿。,顾客标签提示
ui_hint_tag_spirit_crafted,ui_hint,精怪手作商品更容易触发收藏客和朝圣客反馈。,顾客标签提示
ui_hint_tag_ecology_product,ui_hint,生态庭院产物会让第二年店铺更有辨识度。,顾客标签提示
ui_hint_tag_cooling,ui_hint,炎热节气会提高消暑清凉类商品需求。,顾客标签提示
ui_hint_tag_warming,ui_hint,寒冷节气会提高温补御寒类商品需求。,顾客标签提示
ui_hint_tag_ritual,ui_hint,仪式供物适合清明、冬至和门派采办。,顾客标签提示
ui_hint_tag_low_price,ui_hint,平价日用能稳定基础客流，但利润较低。,顾客标签提示
ui_hint_tag_low_quality,ui_hint,低劣品质会显著降低贵客、门派和收藏客评价。,顾客标签提示
customer_flow_hint_sweets,ui_hint,小童正在看甜品和便宜小食。,顾客流程提示
customer_flow_hint_allowance,ui_hint,小童正在数今天带够了多少钱。,顾客流程提示
customer_flow_hint_ritual,ui_hint,朝圣客正在寻找有节气寓意的商品。,顾客流程提示
customer_flow_hint_story,ui_hint,朝圣客更喜欢背后有故事的商品。,顾客流程提示
customer_flow_hint_rare,ui_hint,收藏客正在寻找稀有货和精怪手作。,顾客流程提示
customer_flow_hint_authenticity,ui_hint,收藏客正在确认这件货是否真有来历。,顾客流程提示
subtitle_side_0101_beat_01,subtitle,这座旧桥以前不是断在这里的。人心散了，它才先塌了。,支线过场字幕
subtitle_side_0101_beat_02,subtitle,这块碑你拿着。桥能不能修好，有时候先看人还记不记得路。,支线过场字幕
subtitle_side_0103_beat_01,subtitle,药箱空得太快了。不是病多，是大家终于敢来求救了。,支线过场字幕
subtitle_side_0103_beat_02,subtitle,这一味药能续上的不是命，是他们今晚终于能睡一会儿。,支线过场字幕
subtitle_side_0201_beat_01,subtitle,价格不是越低越好。你得让客人觉得这钱花得有道理。,支线过场字幕
subtitle_side_0201_beat_02,subtitle,看见没？有些货涨一点没人走，有些货少一文都嫌贵。,支线过场字幕
subtitle_side_0205_beat_01,subtitle,池底还没死透。只要第一口活水回来，这里就能养东西。,支线过场字幕
subtitle_side_0205_beat_02,subtitle,去吧。以后这池水里，也该有点会游的热闹了。,支线过场字幕
subtitle_side_0304_beat_01,subtitle,精怪也要有地方歇。它们帮你扛活，你也得给它们留盏灯。,支线过场字幕
subtitle_side_0304_beat_02,subtitle,你看，它们知道这是给自己留的位置。,支线过场字幕
subtitle_side_0306_beat_01,subtitle,夜路不是不能走，是得有人知道怎么守。,支线过场字幕
subtitle_side_0306_beat_02,subtitle,这下好了，连田边的风都不敢乱动了。,支线过场字幕
subtitle_side_0402_beat_01,subtitle,最后这一趟路不好走。但你货备齐了，我就敢去把缺口补上。,支线过场字幕
subtitle_side_0402_beat_02,subtitle,回来得晚了点。东西在，命也在，账就算没亏。,支线过场字幕
subtitle_side_0405_beat_01,subtitle,水线一接上，终阵就不再只是几块冷石头。,支线过场字幕
subtitle_side_0405_beat_02,subtitle,好，这一口活水，终于接到阵心里了。,支线过场字幕
subtitle_final_banquet_01,subtitle,凡仙镇的灯一盏接一盏亮起，像把大旱时熄掉的夜色重新缝回来。,终章大宴字幕
subtitle_final_banquet_02,subtitle,万年蟠桃在桌心发光，果香里有雨声、药香、炉火和田泥。,终章大宴字幕
subtitle_final_banquet_03,subtitle,那些曾经只在任务里出现的人，现在坐在同一张桌边，把话留给明年。,终章大宴字幕
subtitle_final_banquet_04,subtitle,精怪们绕着灯影打转，像在确认这里终于也是它们的家。,终章大宴字幕
subtitle_final_banquet_05,subtitle,河道先响了一声，随后整条水线都回了光。,终章大宴字幕
subtitle_final_banquet_06,subtitle,第二年开启：名铺赛季、后日谈、跨界商路和自由造景已进入洞天年册。,终章大宴字幕
toast_support_xubo_prep,ui_toast,许伯带人支援：终阵施工人手增加。,终章支援提示
toast_support_xubo_ending,ui_toast,许伯支援回响：凡仙镇声望提升。,终章支援提示
toast_support_zhang_prep,ui_toast,张铁山支援：终阵稳定性提升。,终章支援提示
toast_support_zhang_battle,ui_toast,张铁山支援：终阵受损降低。,终章支援提示
toast_support_baizhi_prep,ui_toast,白芷支援：战斗容错窗口增加。,终章支援提示
toast_support_baizhi_battle,ui_toast,白芷支援：濒危时获得一次急救。,终章支援提示
toast_support_lu_prep,ui_toast,陆三笑支援：校时判定更宽松。,终章支援提示
toast_support_hu_prep,ui_toast,胡四海支援：终章库存补给增加。,终章支援提示
toast_support_hu_ending,ui_toast,胡四海支援回响：第二年商路押金降低。,终章支援提示
toast_support_atan_prep,ui_toast,阿檀支援：阵台外构容量增加。,终章支援提示
toast_support_atan_ending,ui_toast,阿檀支援回响：第二年造景成本降低。,终章支援提示
toast_support_qinghe_prep,ui_toast,青禾支援：终阵引水效率提升。,终章支援提示
toast_support_qinghe_battle,ui_toast,青禾支援：火系场地危险降低。,终章支援提示
toast_support_shen_prep,ui_toast,沈孤灯支援：终巢护送阶段减伤。,终章支援提示
toast_support_shen_battle,ui_toast,沈孤灯支援：Boss 增援延迟。,终章支援提示
toast_support_full_resonance,ui_toast,众人支援共鸣：终章协力效果全部激活。,终章支援提示
subtitle_support_workers,subtitle,许伯带着镇上的人到了。不是围观，是来搭一把手。,终章演出字幕
subtitle_support_supply,subtitle,胡四海把最后一车外路材料卸在阵边，连喘气都顾不上。,终章演出字幕
subtitle_support_guard,subtitle,沈孤灯在阵外划下一道线：线外的东西，别让它进来。,终章演出字幕
ui_ending_unlocks,ui,第二年内容已开放：名铺赛季、精怪羁绊、远征与生态庭院。,结局面板
ui_hint_term_change,ui_hint,节气已变化，作物、顾客和精怪加成也会随之改变。,节气提示
dialogue_boss_hint_mingmu,subtitle,它不是虫，也不是木偶。它在啃这片洞天最后一口活气。,Boss提示字幕
event_name_main_0302,name,商会来客,事件名
event_name_main_0305,name,炽砂线索到手,事件名
order_name_faction_0001,order_name,门派采办首单,第三章门派采办
dungeon_name_fire_ruin,name,炽砂遗迹,第三章秘境
item_name_drink_xuanxiang_lingniang,name,玄香灵酿,第三章采办成品
desc_drink_xuanxiang,desc,用玄香稻与荷灯莲子酿成的温润灵酒，开封时有一线米香和莲灯气。,第三章采办成品描述
item_name_gift_yunjin_lijuan,name,云锦礼卷,第三章采办成品
desc_gift_yunjin,desc,用云丝布卷与芝麻灵油封边的礼卷，门派执事最喜欢这种体面又耐放的礼货。,第三章采办成品描述
item_name_special_huojing,name,炽炎火精,第三章核心道具
desc_special_huojing,desc,炽砂遗迹深处凝出的火位核心，像一团不肯熄灭的活火，可为节气大阵奠定火脉。,第三章核心道具描述
building_name_loom_001,name,织机,工坊建筑
building_name_vat_001,name,酿缸,工坊建筑
building_name_vat_002,name,玄酿高缸,三章工坊建筑
machine_name_loom_001,name,织机,工坊机器
machine_name_vat_001,name,酿缸,工坊机器
machine_name_vat_002,name,玄酿高缸,工坊机器
recipe_name_xuanxiang_lingniang,name,玄香灵酿,第三章配方
recipe_name_yunjin_lijuan,name,云锦礼卷,第三章配方
item_name_zhima_lingyou,name,芝麻灵油,第三章材料
desc_lingyou,desc,秋穗芝麻榨出的清亮灵油，适合封边、调香和制作礼货。,第三章材料描述
item_name_cloth_yunsi_bujuan,name,云丝布卷,第三章材料
desc_cloth_yunsi,desc,由银铃流云草织成的柔韧布卷，摸上去像一片贴着手心的云。,第三章材料描述
dialogue_main_0302_001,dialogue,我这趟不是来蹭茶的。外头有个小门派开了采办口，第一张单子，我替你抢下来了。,商会来客
dialogue_main_0302_002,dialogue,门派采办？听起来不像镇上早市那种散卖。,商会来客
dialogue_main_0302_003,dialogue,当然不像。外路客看中的不是便宜，是成套、稳定、像样。酒要能上席，礼要能入账，交付日子还得准。,商会来客
dialogue_main_0302_004,dialogue,百怪大院刚立好，精怪们能分工，工坊也能排班。这单正好试试洞天是不是能自己转起来。,商会来客
dialogue_main_0302_005,dialogue,交稳了，我就把一张旧采路残图给你。那路通向炽砂遗迹，听说火脉里还压着一枚活火精。,商会来客
dialogue_main_0302_006,dialogue,所以这不只是赚钱，是把外路生意和下一处秘境一起接进来。,商会来客
dialogue_main_0302_007,dialogue,说得漂亮。掌柜的，第一张门派采办单，别让人觉得凡仙镇只会卖萝卜汤。,商会来客
dialogue_main_0302_008,dialogue,门派采办开启：交付玄香灵酿与云锦礼卷，完成首单后解锁炽砂遗迹线索。,商会来客
dialogue_main_0306_001,dialogue,旧采路尽头，风沙里露出半截焦黑石门，门缝像还在喘火。,炽砂遗迹
dialogue_main_0306_002,dialogue,就是这儿。别看它塌了半边，过去走货的人都知道，炽砂遗迹里有火脉，也有不讲理的东西。,炽砂遗迹
dialogue_main_0306_003,dialogue,门派要的不是火脉传闻。他们想确认这里还有没有能归阵的火精。,炽砂遗迹
dialogue_main_0306_004,dialogue,你进去，我在外头守账和退路。真见着赤魇蝎后，别逞能，带精怪一起扛。,炽砂遗迹
dialogue_main_0306_005,dialogue,炽砂遗迹已开启：深入火土残阵，击败赤魇蝎后，带回炽炎火精。,炽砂遗迹
dialogue_main_0307_001,dialogue,这团火精，像活的一样。,炽炎火精归位
dialogue_main_0307_002,dialogue,能压住它，说明你已经不是刚来镇上的那个散修了。,炽炎火精归位
dialogue_main_0307_003,dialogue,我在外头等得都想跑了，结果你真把这东西背出来了。,炽炎火精归位
dialogue_main_0307_004,dialogue,跑了也正常。里头可不讲情面。,炽炎火精归位
dialogue_main_0307_005,dialogue,但你讲。你会顾人，也会顾精怪。这才是你现在最值钱的本事。,炽炎火精归位
dialogue_main_0307_006,dialogue,有这火精，后面不少门派大单都敢接了。精品柜、炼制炉、外路货，全能往上提。,炽炎火精归位
dialogue_main_0307_007,dialogue,我越来越觉得，这地方不是在被我撑着，是在自己长出筋骨。,炽炎火精归位
dialogue_main_0307_008,dialogue,那就别让它倒在最后一步。,炽炎火精归位
dialogue_main_0307_009,dialogue,第三章完成：二阶进化、高阶订单、火位核心与终章前置开启。,炽炎火精归位
dialogue_main_0401_001,dialogue,天色发白得发硬，井绳摩擦声空空回荡。,九曜大旱
dialogue_main_0401_002,dialogue,没水了，真的没水了！,九曜大旱
dialogue_main_0401_003,dialogue,河床昨夜又退了一层，鱼都翻了白。,九曜大旱
dialogue_main_0401_004,dialogue,先别乱！家家按份取水，老人和孩子排前头。,九曜大旱
dialogue_main_0401_005,dialogue,连镇井都见底了？,九曜大旱
dialogue_main_0401_006,dialogue,我原以为还能再撑几天。现在看，撑不到了。,九曜大旱
dialogue_main_0401_007,dialogue,你洞天的泉，还在。,九曜大旱
dialogue_main_0401_008,dialogue,我知道这话难开口。但若不借那口泉，镇上今天就有人熬不过去。,九曜大旱
dialogue_main_0401_009,dialogue,借。先救人。田能缓，人缓不得。,九曜大旱
dialogue_main_0401_010,dialogue,你这句话，我记下了。,九曜大旱
dialogue_main_0401_011,dialogue,世界事件“九曜大旱”开启：成长减速、供水压力上升、应急订单刷新。,九曜大旱
event_name_main_0402,name,陆三笑揭秘,事件名
item_name_seed_qingshui_hulu,name,清水葫芦种子,大旱救援作物
desc_seed_qingshui_hulu,desc,小暑后最稳的水脉葫芦种，皮薄盛水，适合灾期救援。,大旱救援作物描述
item_name_crop_qingshui_hulu,name,清水葫芦,大旱救援作物
desc_crop_qingshui_hulu,desc,剖开后能盛住一汪清凉灵水，镇上旱热时最缺这种东西。,大旱救援作物描述
item_name_seed_jinsui_yumi,name,金穗玉米种子,大旱救援作物
desc_seed_jinsui_yumi,desc,耐存放的金穗粮种，救灾时一袋能撑起许多灶火。,大旱救援作物描述
item_name_seed_guyu_chaya,name,谷雨茶芽种子,中期茶作物
desc_seed_guyu_chaya,desc,雨前最嫩的一批茶芽种，种得稳时，做出来的灵茶会先透一口清甜。,中期茶作物描述
item_name_seed_yinling_liuyuncao,name,引灵流云草种子,中期布料作物
desc_seed_yinling_liuyuncao,desc,草叶细长，风一过就像要飘起来，是云丝布卷最稳的原料之一。,中期布料作物描述
item_name_seed_penhuo_xiaolajiao,name,喷火小辣椒种子,夏季火系作物
desc_seed_penhuo_xiaolajiao,desc,晒足暑气后会变得格外辣，既能下锅，也能给火工和夜巡添一线狠劲。,夏季火系作物描述
item_name_seed_yuewen_huanggua,name,月纹黄瓜种子,夏季清口作物
desc_seed_yuewen_huanggua,desc,瓜皮带淡淡月纹，暑天种得好时，切开就有一股凉生生的水气。,夏季清口作物描述
item_name_seed_hedeng_lianzi,name,荷灯莲子种子,夏季节庆作物
desc_seed_hedeng_lianzi,desc,夏夜最稳的水生莲种，成串结实时像一盏盏小灯压在水面上。,夏季节庆作物描述
item_name_seed_shuangtang_nangua,name,霜糖南瓜种子,秋季甜食作物
desc_seed_shuangtang_nangua,desc,皮厚耐放，霜气压过以后会更甜，是秋日甜食和节庆糕点的底料。,秋季甜食作物描述
item_name_seed_shanli_lingshu,name,山栗灵薯种子,秋季储粮作物
desc_seed_shanli_lingshu,desc,埋得住土气，也经得起久放，最适合在入秋后备成一批稳当口粮。,秋季储粮作物描述
item_name_seed_qiusui_zhima,name,秋燧芝麻种子,秋季油料作物
desc_seed_qiusui_zhima,desc,芝麻荚里压着干净的秋燥香，榨出的灵油是许多高阶货的体面底子。,秋季油料作物描述
item_name_seed_xuanxiang_dao,name,玄香稻种子,秋季酿造作物
desc_seed_xuanxiang_dao,desc,谷壳薄，米气长，最适合压成晚秋的灵酿和高端宴席米香。,秋季酿造作物描述
item_name_seed_bailu_yiner,name,白露银耳种子,秋季高端药膳作物
desc_seed_bailu_yiner,desc,沾露后最见灵气，晒得太过反而发硬，白芷总说这种耳花最见手艺。,秋季高端药膳作物描述
item_name_seed_xuewen_luoman,name,雪纹萝蔓种子,冬季家常作物
desc_seed_xuewen_luoman,desc,叶面会浮出一层细雪纹，最适合在寒气刚起时种来顶住冬日灶火。,冬季家常作物描述
item_name_seed_hanyu_baicai,name,寒玉白菜种子,冬季宴席作物
desc_seed_hanyu_baicai,desc,寒气压得越稳，菜帮越甜脆，是冬席和腌藏货最靠得住的一味青白。,冬季宴席作物描述
item_name_seed_binglu_bohe,name,冰露薄荷种子,冬季清凉药草
desc_seed_binglu_bohe,desc,雪后仍带一口凉意的药草，能把燥热和浊气从药汤里压下去。,冬季清凉药草描述
item_name_seed_xuehuo_lingjiang,name,雪火灵姜种子,冬季火暖药材
desc_seed_xuehuo_lingjiang,desc,外皮寒白，芯里却藏着暖劲，是许多御寒药和护心丸的药眼。,冬季火暖药材描述
item_name_seed_xuanshuang_lanmei,name,玄霜蓝莓种子,冬季高端甜果
desc_seed_xuanshuang_lanmei,desc,经霜后甜味更沉，既能压甜品，也能把宴席和饮品的尾韵拉长。,冬季高端甜果描述
item_name_seed_dongcang_yaoshen,name,冬藏药参种子,冬季终局药材
desc_seed_dongcang_yaoshen,desc,要在最深的寒气里慢慢养足药性，收得住的人才能炼出真正压箱底的丹药。,冬季终局药材描述
item_name_seed_shuihang_lianshi,name,水航莲实种子,第二年水系作物
desc_seed_shuihang_lianshi,desc,青禾从静池月影里分出的新种，适合种在水润田边，结出的莲实更耐路、更清口。,第二年水系作物种子描述
item_name_crop_jinsui_yumi,name,金穗玉米,大旱救援作物
desc_crop_jinsui_yumi,desc,颗粒饱满的粗粮玉米，不娇贵，能让赶路和守井的人多撑一顿。,大旱救援作物描述
item_name_crop_yinling_liuyuncao,name,引灵流云草,中期布料作物
desc_crop_yinling_liuyuncao,desc,叶尖会勾住一缕风似的灵气，晒干以后抽出的丝最适合做云丝布卷。,中期布料作物描述
item_name_crop_penhuo_xiaolajiao,name,喷火小辣椒,夏季火系作物
desc_crop_penhuo_xiaolajiao,desc,个头不大，辣劲却直往喉口里钻，火工和夜巡都喜欢带一点在身上。,夏季火系作物描述
item_name_crop_yuewen_huanggua,name,月纹黄瓜,夏季清口作物
desc_crop_yuewen_huanggua,desc,切面水亮，入口有一股清凉回甘，是暑天最稳的爽口水鲜之一。,夏季清口作物描述
item_name_crop_hedeng_lianzi,name,荷灯莲子,夏季节庆作物
desc_crop_hedeng_lianzi,desc,煮糖水时会透出一股灯影似的甜香，常被拿去做节庆盘里的压轴清甜。,夏季节庆作物描述
item_name_crop_shuangtang_nangua,name,霜糖南瓜,秋季甜食作物
desc_crop_shuangtang_nangua,desc,瓜肉细密，蒸熟后像自带一层糖霜，最适合做秋日甜食和节庆馅料。,秋季甜食作物描述
item_name_crop_shanli_lingshu,name,山栗灵薯,秋季储粮作物
desc_crop_shanli_lingshu,desc,一烤就透出栗香，既扛饿也耐放，是镇上最实在的一类储粮作物。,秋季储粮作物描述
item_name_crop_qiusui_zhima,name,秋燧芝麻,秋季油料作物
desc_crop_qiusui_zhima,desc,籽粒黑亮，火候压得稳时能榨出香而不腻的灵油，是高级礼货的底气。,秋季油料作物描述
item_name_crop_xuanxiang_dao,name,玄香稻,秋季酿造作物
desc_crop_xuanxiang_dao,desc,米香绵长，酿酒时会先起一层暖甜气，是高阶灵酿的骨架作物。,秋季酿造作物描述
item_name_crop_bailu_yiner,name,白露银耳,秋季高端药膳作物
desc_crop_bailu_yiner,desc,耳瓣薄润，最适合压进高端药饮和甜润汤里，医修和贵客都认这个口感。,秋季高端药膳作物描述
item_name_crop_xuewen_luoman,name,雪纹萝蔓,冬季家常作物
desc_crop_xuewen_luoman,desc,叶脉里的白纹像结了一层霜，炖汤和热锅都能稳稳接住冬天的胃口。,冬季家常作物描述
item_name_crop_hanyu_baicai,name,寒玉白菜,冬季宴席作物
desc_crop_hanyu_baicai,desc,菜心脆甜，越冷越见清气，是冬席里最稳的压桌青白。,冬季宴席作物描述
item_name_crop_binglu_bohe,name,冰露薄荷,冬季清凉药草
desc_crop_binglu_bohe,desc,闻着清，入口更清，最适合拿来压住高热药方和厚重药膳的尾气。,冬季清凉药草描述
item_name_crop_xuehuo_lingjiang,name,雪火灵姜,冬季火暖药材
desc_crop_xuehuo_lingjiang,desc,切开时姜心微微泛红，是冬天里少见那种既暖身又不燥的灵姜。,冬季火暖药材描述
item_name_crop_xuanshuang_lanmei,name,玄霜蓝莓,冬季高端甜果
desc_crop_xuanshuang_lanmei,desc,霜气压过后会多一层深甜，常拿来做高端甜食和宴后果盘。,冬季高端甜果描述
item_name_crop_dongcang_yaoshen,name,冬藏药参,冬季终局药材
desc_crop_dongcang_yaoshen,desc,药气沉得很稳，只有在最深的寒意里养成时，才配得上续命丹那一转火候。,冬季终局药材描述
item_name_water_supply_relief,name,救援水囊,大旱主线道具
desc_water_supply_relief,desc,用清水葫芦、药散和耐存粗粮封成的应急水囊，一袋就是一户人家多熬过的一天。,大旱主线道具描述
item_name_spirit_core_4,name,四象灵脉枢石,二十四枢主线道具
desc_spirit_core_4,desc,由矿脉、药谷、火位和救援水线共同认回的四枚枢石，是重启二十四节气大阵的第一道门闩。,二十四枢主线道具描述
item_name_special_dinghai_shenzhu,name,定海神珠,二十四枢主线道具
desc_special_dinghai,desc,青禾引水、陆三笑定诀后凝出的水位核心，能压住终巢入口外翻涌的死水与旱气。,二十四枢主线道具描述
building_name_solar_array_final,name,二十四节气大阵,终章建筑
dungeon_name_final_nest,name,噬灵螟巢,终章秘境
item_name_seed_wannian_pantao,name,万年蟠桃种子,终章作物
desc_seed_pantao,desc,二十四节气大阵亮起时从阵心吐出的神话灵种，只能在终阵光纹铺开的田垄里落地。,终章作物描述
item_name_crop_wannian_pantao,name,万年蟠桃,终章作物
desc_crop_pantao,desc,承住四时与众人愿力结成的蟠桃，香气像把大旱之后的第一场雨也收进了果肉里。,终章作物描述
recipe_name_helu_tangshui,name,荷露糖水,第二年水系配方
recipe_name_helu_tangshui_shuihang,name,水航荷露糖水,第二年水航订单配方
recipe_name_chiyan_huxinwan,name,赤焰护心丸,第二年药品配方
recipe_name_bazhen_lingshan,name,八珍灵膳,第二年名铺配方
recipe_name_jiuzhuan_xumingdan,name,九转续命丹,第二年药品配方
recipe_name_plain_ration,name,便携口粮,基础干粮配方
item_name_food_bazhen_lingshan,name,八珍灵膳,第二年名铺货品
desc_food_bazhen,desc,把四时灵蔬、寒浆果与芝麻灵油压成的一席小宴，适合宴后第一张体面单。,第二年名铺货品描述
item_name_med_chiyan_huxinwan,name,赤焰护心丸,第二年药品
desc_med_huxin,desc,用朱砂果与雪火灵姜炼成的火系护心药，入口有一线暖焰护住经脉。,第二年药品描述
item_name_med_jiuzhuan_xumingdan,name,九转续命丹,第二年药品
desc_med_jiuzhuan,desc,白芷医庐压箱底的续命丹，药气九转才肯落定，适合高阶诊疗单。,第二年药品描述
item_name_food_plain_ration,name,便携口粮,基础食物
desc_food_plain_ration,desc,把粗粮和净水压成的耐放口粮，平时不起眼，却最适合修路、巡夜和长途赶路时顶一顿。,基础食物描述
item_name_trade_cloud_box,name,云桥货匣,第二年商路货品
desc_trade_cloud_box,desc,用云丝封缄的小型货匣，能让短途云桥商路里的贵重货少受潮、少丢味。,第二年商路货品描述
item_name_ritual_fire_core,name,祭火芯,第二年仪式货品
desc_ritual_fire_core,desc,从炽砂旧路回收的火芯，能在仪式、护送和高风险商路里稳住一盏不灭火。,第二年仪式货品描述
item_name_build_beam_hardwood,name,硬木梁材,第二年镇建材料
desc_build_beam_hardwood,desc,凡仙镇重建常用的硬木梁材，纹理里还留着洞天灵渠复流后的湿润气。,第二年镇建材料描述
item_name_crop_water_lotus_seed,name,水航莲实,第二年水系作物
desc_crop_water_lotus_seed,desc,灵池水航常带的清甜莲实，既能入汤，也能给远行船队压一压燥气。,第二年水系作物描述
item_name_patrol_ration,name,夜巡干粮,第二年夜巡补给
desc_patrol_ration,desc,压得紧实的巡夜口粮，冷了也不硬，沈孤灯说这东西比豪言壮语顶饿。,第二年夜巡补给描述
item_name_tool_signal_flare,name,传讯火签,第二年夜巡工具
desc_tool_signal_flare,desc,一折即亮的传讯火签，能在秘境入口和镇外夜路之间打出一线回信。,第二年夜巡工具描述
item_name_tea_story_blend,name,岁事茶拼,第二年节庆茶
desc_tea_story_blend,desc,陆三笑把旧年节气故事配进茶里，入口先苦后甜，像把年册翻了一页。,第二年节庆茶描述
item_name_food_festival_mooncake,name,节庆月饼,第二年节庆食物
desc_food_festival_mooncake,desc,用灵油和甜馅压成的节庆月饼，切开时会露出一圈淡淡年轮纹。,第二年节庆食物描述
item_name_gift_archive_scroll,name,年册礼卷,第二年节庆礼品
desc_gift_archive_scroll,desc,书契精喜欢的礼卷，卷轴里能夹住一段店铺、节气和镇民共同留下的记忆。,第二年节庆礼品描述
recipe_name_trade_cloud_box,name,云桥货匣,第二年商路配方
recipe_name_build_beam_hardwood,name,硬木梁材,第二年镇建配方
recipe_name_patrol_ration,name,夜巡干粮,第二年夜巡配方
recipe_name_signal_flare,name,传讯火签,第二年夜巡配方
recipe_name_tea_story_blend,name,岁事茶拼,第二年节庆配方
recipe_name_festival_mooncake,name,节庆月饼,第二年节庆配方
recipe_name_archive_scroll,name,年册礼卷,第二年节庆配方
recipe_name_ritual_fire_core,name,祭火芯,第二年商路配方
event_name_main_0406,name,终阵搭建完成,事件名
event_name_main_0407,name,蟠桃大宴开启,事件名
dialogue_main_0402_001,dialogue,你带我来这儿，不会只是让我看一块旧碑吧。,陆三笑揭秘
dialogue_main_0402_002,dialogue,是碑，也是人。守了这么多年，总该有人把后半句话听完。,陆三笑揭秘
dialogue_main_0402_003,dialogue,你早就知道洞天和大阵的事。,陆三笑揭秘
dialogue_main_0402_004,dialogue,知道。我这一脉，本就是替这地方记时、守时、等时的人。,陆三笑揭秘
dialogue_main_0402_005,dialogue,那你为什么一直不说？,陆三笑揭秘
dialogue_main_0402_006,dialogue,因为说了没用。前些年，没人扛得起；再早些年，有人扛得起，却只想把阵法据为己有。,陆三笑揭秘
dialogue_main_0402_007,dialogue,我等的不是一个最强的人，我等的是一个肯把洞天让给更多人活的人。,陆三笑揭秘
dialogue_main_0402_008,dialogue,所以现在，你觉得我行？,陆三笑揭秘
dialogue_main_0402_009,dialogue,你肯先拿泉救镇，而不是先保自己的收成。我就知道，时机到了。,陆三笑揭秘
dialogue_main_0402_010,dialogue,来吧，二十四枢不是藏宝图，是责任书。我把剩下的阵法口诀交给你。,陆三笑揭秘
dialogue_main_0402_011,dialogue,主线“二十四枢”开启：收集枢石、火精与定海神珠，准备重建节气大阵。,陆三笑揭秘
steam_copy_capsule_main,marketing,二十四节气种田，精怪伙伴替你把荒废洞天经营成前店后厂的仙农小镇。,Steam文案
steam_caption_screenshot_01,marketing,从一间草庐和几块荒田开始，亲手把洞天重新养活。,Steam截图字幕
steam_caption_screenshot_02,marketing,作物会化形成精怪伙伴，接手浇水、搬运、加工和护院。,Steam截图字幕
steam_caption_screenshot_03,marketing,不是出货箱，而是真正开门迎客、陈列定价的店铺经营。,Steam截图字幕
steam_caption_screenshot_04,marketing,二十四节气会改变种植、天气、订单和顾客需求。,Steam截图字幕
steam_caption_screenshot_05,marketing,主线后继续打造生态庭院、远征小队和稀有精怪图鉴。,Steam截图字幕
steam_copy_trailer_01,marketing,展示从手工种田到精怪自动化、从旧铺开门到终章协力的完整成长线。,Steam视频文案
steam_copy_vertical_01,marketing,第一颗被认真照料的萝卜，真的会回应你。,短视频文案
steam_copy_devlog_01,marketing,节气不是背景装饰，而是会改变经营选择的核心系统。,开发日志文案
steam_copy_devlog_02,marketing,通关后还有精怪羁绊、远征、生态庭院、名铺赛季和年轮试炼。,开发日志文案
customer_name_waterway_broker,name,莲泽水航客,顾客名
customer_arch_waterway_broker,name,水航客,顾客类型
customer_flow_hint_waterway_enter,ui_hint,水航客进店后会先确认这家旧铺的水路来头。,顾客流程提示
customer_flow_hint_waterway_check,ui_hint,水航客正在看水鲜、饮品和能带回莲泽的熟路货。,顾客流程提示
customer_flow_hint_waterway_route,ui_hint,水航客会为稳定熟路和可回订口碑接受更高价格。,顾客流程提示
npc_bark_waterway_shop_01,bark,听说旧铺这条水航路已经跑熟了，我来看看有没有能带回莲泽的水鲜。,水航客进店
npc_bark_waterway_shop_02,bark,这批货带着熟路味，回去有人会认这家旧铺的招牌。,水航客购买
